{
  "offpolicy__p1_offpolicy": {
    "t00_20": {
      "n": 998,
      "mae": 0.10099204629659653,
      "bias": 0.055627498775720596,
      "rmse": 0.11842479556798935
    },
    "t20_40": {
      "n": 1047,
      "mae": 0.18107663094997406,
      "bias": 0.03454027697443962,
      "rmse": 0.2299007624387741
    },
    "t40_60": {
      "n": 969,
      "mae": 0.33981919288635254,
      "bias": -0.06376815587282181,
      "rmse": 0.4782247841358185
    },
    "t60_80": {
      "n": 998,
      "mae": 0.6302706003189087,
      "bias": -0.33593493700027466,
      "rmse": 0.9392521977424622
    },
    "t80_100": {
      "n": 988,
      "mae": 3.4936983585357666,
      "bias": 2.3678200244903564,
      "rmse": 8.041589736938477
    }
  },
  "offpolicy__qstar_reward": {
    "t00_20": {
      "n": 998,
      "mae": 0.09824185818433762,
      "bias": 0.07057669013738632,
      "rmse": 0.11205019801855087
    },
    "t20_40": {
      "n": 1047,
      "mae": 0.16307204961776733,
      "bias": 0.08826825767755508,
      "rmse": 0.1897752583026886
    },
    "t40_60": {
      "n": 969,
      "mae": 0.2510450780391693,
      "bias": 0.12158732116222382,
      "rmse": 0.31077495217323303
    },
    "t60_80": {
      "n": 998,
      "mae": 0.36447834968566895,
      "bias": 0.08420863002538681,
      "rmse": 0.5322109460830688
    },
    "t80_100": {
      "n": 988,
      "mae": 0.4572922885417938,
      "bias": 0.1262454390525818,
      "rmse": 0.5754317045211792
    }
  },
  "anc_td_smc_model_lam0.8__p1_offpolicy": {
    "t00_20": {
      "n": 998,
      "mae": 5.194192409515381,
      "bias": -5.194192409515381,
      "rmse": 5.253175735473633
    },
    "t20_40": {
      "n": 1047,
      "mae": 4.050280570983887,
      "bias": -4.050280570983887,
      "rmse": 4.170807361602783
    },
    "t40_60": {
      "n": 969,
      "mae": 2.570648193359375,
      "bias": -2.568221092224121,
      "rmse": 2.7458784580230713
    },
    "t60_80": {
      "n": 998,
      "mae": 1.2019559144973755,
      "bias": -0.6660480499267578,
      "rmse": 1.4630872011184692
    },
    "t80_100": {
      "n": 988,
      "mae": 5.795125961303711,
      "bias": 5.578795909881592,
      "rmse": 10.743226051330566
    }
  },
  "anc_td_smc_model_lam0.8__qstar_reward": {
    "t00_20": {
      "n": 998,
      "mae": 5.065959930419922,
      "bias": -5.065959930419922,
      "rmse": 5.122699737548828
    },
    "t20_40": {
      "n": 1047,
      "mae": 3.820439577102661,
      "bias": -3.820439577102661,
      "rmse": 3.9291529655456543
    },
    "t40_60": {
      "n": 969,
      "mae": 2.3531241416931152,
      "bias": -2.3531241416931152,
      "rmse": 2.4921109676361084
    },
    "t60_80": {
      "n": 998,
      "mae": 1.0691417455673218,
      "bias": -1.0004050731658936,
      "rmse": 1.2256301641464233
    },
    "t80_100": {
      "n": 988,
      "mae": 0.8427168726921082,
      "bias": -0.39797085523605347,
      "rmse": 0.9796340465545654
    }
  },
  "anc_td_smc_model_lam0.5__p1_offpolicy": {
    "t00_20": {
      "n": 998,
      "mae": 229.12098693847656,
      "bias": -229.12098693847656,
      "rmse": 229.19493103027344
    },
    "t20_40": {
      "n": 1047,
      "mae": 220.15518188476562,
      "bias": -220.15518188476562,
      "rmse": 220.2466583251953
    },
    "t40_60": {
      "n": 969,
      "mae": 210.52745056152344,
      "bias": -210.52745056152344,
      "rmse": 210.63002014160156
    },
    "t60_80": {
      "n": 998,
      "mae": 201.15660095214844,
      "bias": -201.15660095214844,
      "rmse": 201.24203491210938
    },
    "t80_100": {
      "n": 988,
      "mae": 187.5939483642578,
      "bias": -187.5939483642578,
      "rmse": 187.8968048095703
    }
  },
  "anc_td_smc_model_lam0.5__qstar_reward": {
    "t00_20": {
      "n": 998,
      "mae": 228.5496368408203,
      "bias": -228.5496368408203,
      "rmse": 228.62974548339844
    },
    "t20_40": {
      "n": 1047,
      "mae": 219.1725311279297,
      "bias": -219.1725311279297,
      "rmse": 219.2689971923828
    },
    "t40_60": {
      "n": 969,
      "mae": 208.99935913085938,
      "bias": -208.99935913085938,
      "rmse": 209.09970092773438
    },
    "t60_80": {
      "n": 998,
      "mae": 199.70106506347656,
      "bias": -199.70106506347656,
      "rmse": 199.78555297851562
    },
    "t80_100": {
      "n": 988,
      "mae": 190.8503875732422,
      "bias": -190.8503875732422,
      "rmse": 190.91510009765625
    }
  },
  "anc_td_smc_reward_lam0.5__p1_offpolicy": {
    "t00_20": {
      "n": 998,
      "mae": 3.8142998218536377,
      "bias": 3.8142998218536377,
      "rmse": 3.8272905349731445
    },
    "t20_40": {
      "n": 1047,
      "mae": 3.6900551319122314,
      "bias": 3.6900551319122314,
      "rmse": 3.7056002616882324
    },
    "t40_60": {
      "n": 969,
      "mae": 3.7236576080322266,
      "bias": 3.7236576080322266,
      "rmse": 3.7662880420684814
    },
    "t60_80": {
      "n": 998,
      "mae": 4.032744884490967,
      "bias": 4.032744884490967,
      "rmse": 4.268033981323242
    },
    "t80_100": {
      "n": 988,
      "mae": 8.784456253051758,
      "bias": 8.784456253051758,
      "rmse": 12.84694766998291
    }
  },
  "anc_td_smc_reward_lam0.5__qstar_reward": {
    "t00_20": {
      "n": 998,
      "mae": 3.8310189247131348,
      "bias": 3.8310189247131348,
      "rmse": 3.8400864601135254
    },
    "t20_40": {
      "n": 1047,
      "mae": 3.6785640716552734,
      "bias": 3.6785640716552734,
      "rmse": 3.6895735263824463
    },
    "t40_60": {
      "n": 969,
      "mae": 3.4979195594787598,
      "bias": 3.4979195594787598,
      "rmse": 3.5155177116394043
    },
    "t60_80": {
      "n": 998,
      "mae": 3.1986353397369385,
      "bias": 3.1986353397369385,
      "rmse": 3.253260612487793
    },
    "t80_100": {
      "n": 988,
      "mae": 2.1076407432556152,
      "bias": 2.107457160949707,
      "rmse": 2.3753573894500732
    }
  },
  "anc_mctd_smc_reward_lam1.0__p1_offpolicy": {
    "t00_20": {
      "n": 998,
      "mae": 1.8631776571273804,
      "bias": 1.8631776571273804,
      "rmse": 1.8802151679992676
    },
    "t20_40": {
      "n": 1047,
      "mae": 1.9616202116012573,
      "bias": 1.9616202116012573,
      "rmse": 1.9990410804748535
    },
    "t40_60": {
      "n": 969,
      "mae": 2.1775119304656982,
      "bias": 2.1775119304656982,
      "rmse": 2.296154260635376
    },
    "t60_80": {
      "n": 998,
      "mae": 2.644879102706909,
      "bias": 2.644879102706909,
      "rmse": 3.0849130153656006
    },
    "t80_100": {
      "n": 988,
      "mae": 7.580638408660889,
      "bias": 7.577470779418945,
      "rmse": 12.081223487854004
    }
  },
  "anc_mctd_smc_reward_lam1.0__qstar_reward": {
    "t00_20": {
      "n": 998,
      "mae": 1.8556383848190308,
      "bias": 1.8556383848190308,
      "rmse": 1.8712694644927979
    },
    "t20_40": {
      "n": 1047,
      "mae": 1.8897053003311157,
      "bias": 1.8897053003311157,
      "rmse": 1.9107224941253662
    },
    "t40_60": {
      "n": 969,
      "mae": 1.8594518899917603,
      "bias": 1.8594518899917603,
      "rmse": 1.9039157629013062
    },
    "t60_80": {
      "n": 998,
      "mae": 1.7279129028320312,
      "bias": 1.7279129028320312,
      "rmse": 1.843658208847046
    },
    "t80_100": {
      "n": 988,
      "mae": 1.0442613363265991,
      "bias": 0.8975759148597717,
      "rmse": 1.3654277324676514
    }
  },
  "anc_mctd_smc_model_lam0.8__p1_offpolicy": {
    "t00_20": {
      "n": 998,
      "mae": 0.35030436515808105,
      "bias": 0.08285890519618988,
      "rmse": 0.38166818022727966
    },
    "t20_40": {
      "n": 1047,
      "mae": 0.29657652974128723,
      "bias": 0.09180332720279694,
      "rmse": 0.3772065043449402
    },
    "t40_60": {
      "n": 969,
      "mae": 0.4498600959777832,
      "bias": 0.23394599556922913,
      "rmse": 0.6884602308273315
    },
    "t60_80": {
      "n": 998,
      "mae": 1.0049407482147217,