{
  "n_seeds": 5,
  "best_reward": {
    "mean": -9.357456588745118,
    "sd": 2.0965821248713508,
    "values": [
      -6.600205421447754,
      -12.062429428100586,
      -8.760051727294922,
      -8.658731460571289,
      -10.705864906311035
    ]
  },
  "final_reward": {
    "mean": -10.839682960510254,
    "sd": 1.5060303801006185,
    "values": [
      -10.957255363464355,
      -13.287976264953612,
      -9.83485984802246,
      -9.412458419799805,
      -10.705864906311035
    ]
  },
  "final_guided_mae": {
    "mean": 0.6774802565574646,
    "sd": 0.09400605175684074,
    "values": [
      0.5846295356750488,
      0.7038799524307251,
      0.7115399837493896,
      0.5833452939987183,
      0.8040065169334412
    ]
  }
}