{
  "config": {
    "TOTAL_STEPS": 1000,
    "BS": 256,
    "LR": 0.001,
    "MC_SAMPLES": 10,
    "N_TRAJ_BIG": 256000,
    "E_OPT": -2.5872042368695656,
    "n_seeds": 5
  },
  "best_reward": {
    "mean": -7.963693618774414,
    "sd": 1.4636233856862297,
    "values": [
      -9.991841316223145,
      -6.505770683288574,
      -6.582703590393066,
      -8.585926055908203,
      -8.152226448059082
    ]
  },
  "final_reward": {
    "mean": -9.83352108001709,
    "sd": 1.3714828973808508,
    "values": [
      -10.91261863708496,
      -10.394206047058104,
      -11.122628211975098,
      -8.585926055908203,
      -8.152226448059082
    ]
  },
  "final_guided_mae": {
    "mean": 0.5902723133563995,
    "sd": 0.12080266142153319,
    "values": [
      0.4105299413204193,
      0.6429886221885681,
      0.6419484615325928,
      0.7222276329994202,
      0.5336669087409973
    ]
  }
}