{
  "config": {
    "TOTAL_STEPS": 1000,
    "BS": 256,
    "LR": 0.001,
    "MC_SAMPLES": 10,
    "N_TRAJ_BIG": 2000,
    "use_ema": false,
    "n_seeds": 5,
    "E_OPT": -2.5872042368695656
  },
  "best_reward": {
    "mean": -4.33577241897583,
    "sd": 0.3764832753388769,
    "values": [
      -4.455879211425781,
      -4.302202224731445,
      -3.782492637634278,
      -4.308028221130371,
      -4.830259799957275
    ]
  },
  "final_reward": {
    "mean": -6.1490797996521,
    "sd": 1.0927567773758868,
    "values": [
      -6.984499454498291,
      -5.3829545974731445,
      -6.552207946777344,
      -4.644505023956299,
      -7.18123197555542
    ]
  },
  "final_guided_mae": {
    "mean": 0.6011781811714172,
    "sd": 0.09058709226334109,
    "values": [
      0.5068642497062683,
      0.5211611986160278,
      0.5899037718772888,
      0.6846408843994141,
      0.7033208012580872
    ]
  },
  "vs_offpolicy_p_best": 0.5538318506228224,
  "vs_offpolicy_p_mae": 0.018483175124196092
}