{
  "config": {
    "TOTAL_STEPS": 1000,
    "BS": 256,
    "LR": 0.001,
    "MC_SAMPLES": 10,
    "OFF_POLICY_FRAC": 0.0,
    "K_GRID_NEW": [
      0.0,
      0.01,
      0.1
    ],
    "E_OPT": -2.5872042368695656
  },
  "summary": {
    "off-policy": {
      "best": -4.285143852233887,
      "final": -4.285143852233887,
      "guided_mae": 0.3343996107578277
    },
    "ssmc k=0": {
      "best": -13.34694480895996,
      "final": -23.5915470123291,
      "guided_mae": 1.7060009241104126
    },
    "ssmc k=0.01": {
      "best": -7.272479057312012,
      "final": -20.625062942504883,
      "guided_mae": 2.2480309009552
    },
    "ssmc k=0.1": {
      "best": -18.841075897216797,
      "final": -20.37650680541992,
      "guided_mae": 1.2780389785766602
    },
    "ssmc k=1": {
      "best": -6.993804454803467,
      "final": -26.261537551879883,
      "guided_mae": 2.665116786956787
    }
  }
}