{
  "config": {
    "TOTAL_STEPS": 1000,
    "BS": 256,
    "LR": 0.001,
    "MC_SAMPLES": 10,
    "N_TRAJ_BIG": 2000,
    "E_OPT": -2.5872042368695656
  },
  "summary": {
    "off-policy": {
      "best": -4.285143852233887,
      "final": -4.285143852233887,
      "guided_mae": 0.3343996107578277
    },
    "ssmc k=0  vanilla": {
      "best": -13.34694480895996,
      "final": -23.5915470123291,
      "guided_mae": 1.7060009241104126
    },
    "ssmc k=0  shuffle": {
      "best": -7.627313613891602,
      "final": -9.66334056854248,
      "guided_mae": 0.6003187298774719
    },
    "ssmc k=0.1 vanilla": {
      "best": -18.841075897216797,
      "final": -20.37650680541992,
      "guided_mae": 1.2780389785766602
    },
    "ssmc k=0.1 shuffle": {
      "best": -9.231544494628906,
      "final": -11.180682182312012,
      "guided_mae": 0.614775538444519
    }
  }
}