{
  "config": {
    "TOTAL_STEPS": 1000,
    "BS": 256,
    "LR": 0.001,
    "MC_SAMPLES": 1,
    "N_TRAJ_BIG": 2000,
    "use_ema": false,
    "n_seeds": 5,
    "E_OPT": -2.5872042368695656
  },
  "best_reward": {
    "mean": -5.295860767364502,
    "sd": 1.3009860190472633,
    "values": [
      -4.2718915939331055,
      -4.479862213134766,
      -7.385160446166992,
      -4.596897125244141,
      -5.745492458343506
    ]
  },
  "final_reward": {
    "mean": -8.745968627929688,
    "sd": 1.5469847040457276,
    "values": [
      -8.413982391357422,
      -11.14920425415039,
      -7.385160446166992,
      -7.501161575317383,
      -9.28033447265625
    ]
  },
  "final_guided_mae": {
    "mean": 0.683777141571045,
    "sd": 0.111440775196354,
    "values": [
      0.6527554988861084,
      0.8188391923904419,
      0.7786088585853577,
      0.5551522970199585,
      0.6135298609733582
    ]
  },
  "vs_offpolicy_p_best": 0.2323791329534991,
  "vs_offpolicy_p_mae": 0.003760249806703781
}