{
  "22": {
    "params": {
      "n_steps": 19,
      "mc_samples": 21,
      "off_policy_frac": 0.03414488148636975,
      "lambda_eff": 0.9315557545761449,
      "lr": 0.0001554793225147672,
      "loss_type": "quad",
      "use_grad_decay": false,
      "smc_spec": {
        "cr": 0.7104844282209088,
        "cV": 0.01046469989111373
      }
    },
    "lcb_mean": -8.696269388895235,
    "lcb_sd": 1.5480623512362062,
    "lcb_values": [
      -10.124593497523477,
      -10.416887888444123,
      -6.826358154241638,
      -8.424735862209793,
      -7.688771542057147
    ],
    "best_mean": -5.764165306091309,
    "best_sd": 0.5254407163673835
  },
  "12": {
    "params": {
      "n_steps": 27,
      "mc_samples": 16,
      "off_policy_frac": 0.041223723528404047,
      "lambda_eff": 0.917893365844278,
      "lr": 0.00012488888198445056,
      "loss_type": "quad",
      "use_grad_decay": false,
      "ema_decay": 0.9784995288895291,
      "smc_spec": {
        "cr": 0.44527103396294,
        "cV": 0.027383384829385956,
        "cVema": 0.07472830500590551
      }
    },
    "lcb_mean": -9.60274379348157,
    "lcb_sd": 2.011062763706381,
    "lcb_values": [
      -9.18025485965642,
      -12.012610134014592,
      -11.207407578014003,
      -7.043435814678265,
      -8.570010581044567
    ],
    "best_mean": -6.05346908569336,
    "best_sd": 0.5395013431466028
  },
  "2": {
    "params": {
      "n_steps": 16,
      "mc_samples": 7,
      "off_policy_frac": 0.017194260557609198,
      "lambda_eff": 0.9093204020787821,
      "lr": 0.00024112898115291975,
      "loss_type": "quad",
      "use_grad_decay": false,
      "ema_decay": 0.9322077027455632,
      "smc_spec": {
        "cV": 0.0048023761827119,
        "cVema": 0.001436351616738487
      }
    },
    "lcb_mean": -14.161168572429437,
    "lcb_sd": 1.2904776486331218,
    "lcb_values": [
      -15.582143293397385,
      -12.93779419843614,
      -12.990740808068805,
      -15.454557648255182,
      -13.840606913989667
    ],
    "best_mean": -7.160833644866943,
    "best_sd": 0.972092953437691
  }
}