{
  "48": {
    "params": {
      "method": "ancestral_mc_td_lambda",
      "n_steps": 16,
      "off_policy_frac": 0.42951609421421266,
      "lr": 0.0009694824414206894,
      "use_grad_decay": true,
      "grad_decay": 0.00019257267873263532,
      "mc_samples": 3,
      "smc_type": "k_Vnograd",
      "k": 0.6362665865875223,
      "lambda_eff": 0.7138691582161069
    },
    "family": "A",
    "lcb_mean": -17.251273763966914,
    "lcb_sd": 2.3062165777525236,
    "lcb_values": [
      -16.361040696674756,
      -16.795254854876514,
      -15.028506277366008,
      -21.15290727447894,
      -16.918659716438356
    ],
    "best_mean": -8.023985385894775,
    "best_sd": 1.615315152233819
  },
  "56": {
    "params": {
      "method": "ancestral_mc_td_lambda",
      "n_steps": 10,
      "off_policy_frac": 0.3376819443890735,
      "lr": 0.00037104293775232623,
      "use_grad_decay": true,
      "grad_decay": 4.565243564924295e-05,
      "mc_samples": 7,
      "smc_type": "kV_plus_ltr",
      "k": 0.05722674558169238,
      "l": 0.004619756956216634,
      "lambda_eff": 0.4536965394045327
    },
    "family": "A",
    "lcb_mean": -16.47667797272658,
    "lcb_sd": 1.9155276523956726,
    "lcb_values": [
      -17.421160028767535,
      -14.591391215156092,
      -17.229316747680596,
      -18.766946709393903,
      -14.374575162634766
    ],
    "best_mean": -6.856051445007324,
    "best_sd": 0.9287418739303286
  },
  "88": {
    "params": {
      "method": "ancestral_mc_td_lambda",
      "n_steps": 49,
      "off_policy_frac": 0.3901084680626397,
      "lr": 0.0001602212423431936,
      "use_grad_decay": false,
      "mc_samples": 1,
      "smc_type": "k_Vema",
      "k": 0.007881776034263351,
      "ema_decay": 0.903300120145782,
      "lambda_eff": 0.35162712931232243
    },
    "family": "A",
    "lcb_mean": -17.761700179962983,
    "lcb_sd": 3.426356928947537,
    "lcb_values": [
      -17.53648312070881,
      -20.991784763293847,
      -19.63679317359471,
      -12.077298784991187,
      -18.56614105722636
    ],
    "best_mean": -8.33439073562622,
    "best_sd": 1.633188006631366
  },
  "2": {
    "params": {
      "method": "fbrrt_td_lambda",
      "n_steps": 25,
      "off_policy_frac": 0.2600340105889054,
      "lr": 0.000642033033629786,
      "use_grad_decay": false,
      "mc_samples": 8,
      "branch": 10,
      "alpha": 1.3422410256414732,
      "entropy_lambda": 1.1957999576221703,
      "lambda_eff": 0.9218742350231168
    },
    "family": "B",
    "lcb_mean": -23.645351964019014,
    "lcb_sd": 2.117084032908114,
    "lcb_values": [
      -20.43978718832255,
      -25.332651453428074,
      -22.58629840944141,
      -25.35984790016479,
      -24.508174868738234
    ],
    "best_mean": -10.390444660186768,
    "best_sd": 1.8842245937724336
  }
}