{
  "method": "ancestral_mc_td_lambda",
  "chosen": [
    {
      "trial": 22,
      "lcb": -8.674308809235152,
      "params": {
        "n_steps": 19,
        "mc_samples": 21,
        "off_policy_frac": 0.03414488148636975,
        "lambda_eff": 0.9315557545761449,
        "lr": 0.0001554793225147672,
        "loss_type": "quad",
        "use_grad_decay": false,
        "smc_spec": {
          "cr": 0.7104844282209088,
          "cV": 0.01046469989111373
        }
      }
    },
    {
      "trial": 12,
      "lcb": -12.020852543513449,
      "params": {
        "n_steps": 27,
        "mc_samples": 16,
        "off_policy_frac": 0.041223723528404047,
        "lambda_eff": 0.917893365844278,
        "lr": 0.00012488888198445056,
        "loss_type": "quad",
        "use_grad_decay": false,
        "ema_decay": 0.9784995288895291,
        "smc_spec": {
          "cr": 0.44527103396294,
          "cV": 0.027383384829385956,
          "cVema": 0.07472830500590551
        }
      }
    },
    {
      "trial": 2,
      "lcb": -13.65961188417155,
      "params": {
        "n_steps": 16,
        "mc_samples": 7,
        "off_policy_frac": 0.017194260557609198,
        "lambda_eff": 0.9093204020787821,
        "lr": 0.00024112898115291975,
        "loss_type": "quad",
        "use_grad_decay": false,
        "ema_decay": 0.9322077027455632,
        "smc_spec": {
          "cV": 0.0048023761827119,
          "cVema": 0.001436351616738487
        }
      }
    }
  ],
  "confirm": {
    "22": {
      "params": {
        "n_steps": 19,
        "mc_samples": 21,
        "off_policy_frac": 0.03414488148636975,
        "lambda_eff": 0.9315557545761449,
        "lr": 0.0001554793225147672,
        "loss_type": "quad",
        "use_grad_decay": false,
        "smc_spec": {
          "cr": 0.7104844282209088,
          "cV": 0.01046469989111373
        }
      },
      "lcb_mean": -8.696269388895235,
      "lcb_sd": 1.5480623512362062,
      "lcb_values": [
        -10.124593497523477,
        -10.416887888444123,
        -6.826358154241638,
        -8.424735862209793,
        -7.688771542057147
      ],
      "best_mean": -5.764165306091309,
      "best_sd": 0.5254407163673835
    },
    "12": {
      "params": {
        "n_steps": 27,
        "mc_samples": 16,
        "off_policy_frac": 0.041223723528404047,
        "lambda_eff": 0.917893365844278,
        "lr": 0.00012488888198445056,
        "loss_type": "quad",
        "use_grad_decay": false,
        "ema_decay": 0.9784995288895291,
        "smc_spec": {
          "cr": 0.44527103396294,
          "cV": 0.027383384829385956,
          "cVema": 0.07472830500590551
        }
      },
      "lcb_mean": -9.60274379348157,
      "lcb_sd": 2.011062763706381,
      "lcb_values": [
        -9.18025485965642,
        -12.012610134014592,
        -11.207407578014003,
        -7.043435814678265,
        -8.570010581044567
      ],
      "best_mean": -6.05346908569336,
      "best_sd": 0.5395013431466028
    },
    "2": {
      "params": {
        "n_steps": 16,
        "mc_samples": 7,
        "off_policy_frac": 0.017194260557609198,
        "lambda_eff": 0.9093204020787821,
        "lr": 0.00024112898115291975,
        "loss_type": "quad",
        "use_grad_decay": false,
        "ema_decay": 0.9322077027455632,
        "smc_spec": {
          "cV": 0.0048023761827119,
          "cVema": 0.001436351616738487
        }
      },
      "lcb_mean": -14.161168572429437,
      "lcb_sd": 1.2904776486331218,
      "lcb_values": [
        -15.582143293397385,
        -12.93779419843614,
        -12.990740808068805,
        -15.454557648255182,
        -13.840606913989667
      ],
      "best_mean": -7.160833644866943,
      "best_sd": 0.972092953437691
    }
  },
  "winner": {
    "trial": 22,
    "params": {
      "n_steps": 19,
      "mc_samples": 21,
      "off_policy_frac": 0.03414488148636975,
      "lambda_eff": 0.9315557545761449,
      "lr": 0.0001554793225147672,
      "loss_type": "quad",
      "use_grad_decay": false,
      "smc_spec": {
        "cr": 0.7104844282209088,
        "cV": 0.01046469989111373
      }
    },
    "lcb_mean": -8.696269388895235,
    "lcb_sd": 1.5480623512362062,
    "lcb_values": [
      -10.124593497523477,
      -10.416887888444123,
      -6.826358154241638,
      -8.424735862209793,
      -7.688771542057147
    ],
    "best_mean": -5.764165306091309,
    "best_sd": 0.5254407163673835
  },
  "convergence": {
    "trial": 22,
    "params": {
      "n_steps": 19,
      "mc_samples": 21,
      "off_policy_frac": 0.03414488148636975,
      "lambda_eff": 0.9315557545761449,
      "lr": 0.0001554793225147672,
      "loss_type": "quad",
      "use_grad_decay": false,
      "smc_spec": {
        "cr": 0.7104844282209088,
        "cV": 0.01046469989111373
      }
    },
    "plateau_reward": -5.667883521318435,
    "convergence_step": 16999,
    "final_lcb": -5.6738706313239975,
    "ckpt_dir": "checkpoints/optuna_amctl_converge/amctl_t22_converge"
  },
  "convergence_curve": {
    "steps": [
      999,
      1999,
      2999,
      3999,
      4999,
      5999,
      6999,
      7999,
      8999,
      9999,
      10999,
      11999,
      12999,
      13999,
      14999,
      15999,
      16999,
      17999,
      18999,
      19999,
      20999,
      21999,
      22999,
      23999,
      24999,
      25999,
      26999,
      27999,
      28999,
      29999,
      30999,
      31999,
      32999,
      33999,
      34999,
      35999,
      36999,
      37999,
      38999,
      39999,
      40999,
      41999,
      42999,
      43999,
      44999,
      45999,
      46999,
      47999,
      48999,
      49999
    ],
    "val_reward": [
      -6.470999717712402,
      -8.08154296875,
      -11.773721694946287,
      -8.48238754272461,
      -7.065453052520752,
      -19.236608505249023,
      -15.1227388381958,
      -9.154537200927734,
      -9.601795196533203,
      -8.767361640930176,
      -5.632077217102051,
      -5.71867036819458,
      -6.923711776733398,
      -5.978266716003418,
      -6.319045543670654,
      -5.268048286437988,
      -5.443955421447754,
      -6.496641159057617,
      -7.756203174591064,
      -6.145329475402832,
      -6.951471328735352,
      -4.738552093505859,
      -5.014581680297852,
      -3.935176134109497,
      -5.371838092803955,
      -4.650636672973633,
      -10.673986434936523,
      -7.104379653930664,
      -7.046713352203369,
      -5.394815444946289,
      -3.921029806137085,
      -4.975160598754883,
      -4.081866264343262,
      -4.845836639404297,
      -4.21729850769043,
      -5.750809669494629,
      -4.128409385681152,
      -4.44676399230957,
      -5.797978401184082,
      -6.189788818359375,
      -5.646499156951904,
      -4.474417209625244,
      -8.125894546508789,
      -6.400811672210693,
      -5.302179336547852,
      -4.847918510437012,
      -7.107544898986816,
      -5.212079048156738,
      -4.519824981689453,
      -6.095065116882324
    ]
  },
  "prior_comparison": {
    "famA_t56_ancestral_mc_td_lambda_converge": {
      "family": "A",
      "trial": 56,
      "params": {
        "method": "ancestral_mc_td_lambda",
        "n_steps": 10,
        "off_policy_frac": 0.3376819443890735,
        "lr": 0.00037104293775232623,
        "use_grad_decay": true,
        "grad_decay": 4.565243564924295e-05,
        "mc_samples": 7,
        "smc_type": "kV_plus_ltr",
        "k": 0.05722674558169238,
        "l": 0.004619756956216634,
        "lambda_eff": 0.4536965394045327
      },
      "plateau_reward": -6.327029493451119,
      "convergence_step": 32999,
      "final_lcb": -7.347428250200748,
      "ckpt_dir": "checkpoints/optuna_other_converge/famA_t56_ancestral_mc_td_lambda_converge"
    },
    "famB_t2_fbrrt_td_lambda_converge": {
      "family": "B",
      "trial": 2,
      "params": {
        "method": "fbrrt_td_lambda",
        "n_steps": 25,
        "off_policy_frac": 0.2600340105889054,