{
  "results": {
    "offpolicy": {
      "best": -3.927369117736816,
      "final": -10.622730255126951,
      "g_mae": 0.4527038037776947,
      "b_mae": 1.2041893005371094,
      "stable": "no"
    },
    "fbrrt_alpha0": {
      "best": -4.622964859008789,
      "final": -12.266239166259766,
      "g_mae": 0.8364203572273254,
      "b_mae": 1.5221651792526243,
      "stable": "no"
    },
    "fbrrt_alpha0.5": {
      "best": -4.084455966949463,
      "final": -11.901460647583008,
      "g_mae": 0.8132919669151306,
      "b_mae": 1.7517852783203125,
      "stable": "no"
    },
    "fbrrt_alpha1": {
      "best": -4.6130523681640625,
      "final": -16.791934967041016,
      "g_mae": 1.185002326965332,
      "b_mae": 1.4980671405792236,
      "stable": "no"
    }
  }
}