{
  "V_0_0": -5.085203334290677,
  "E_opt": -2.5872042368695656
}