{
  "config": {
    "TOTAL_STEPS": 1000,
    "LR": 0.001,
    "N_STEPS_TRAIN": 30,
    "N_STEPS_VAL": 100,
    "MC_SAMPLES": 10,
    "N_TRAJ_BUFFER": 2000,
    "include_t_zero": false,
    "random_t": true,
    "smc_value": "0.1 * h(x) * t",
    "BS_values": [
      1,
      4,
      16,
      64,
      256
    ],
    "N_SEEDS": 5,
    "E_OPT": -2.5872042368695656
  },
  "by_cell": {
    "off_bs=1": {
      "best_reward_values": [
        -22.617637634277344,
        -20.83775329589844,
        -25.760059356689453,
        -18.339698791503903,
        -15.26703643798828
      ],
      "final_guided_mae_values": [
        1.8993486166000368,
        1.7905107736587524,
        1.9772549867630005,
        1.282471776008606,
        1.734858155250549
      ]
    },
    "off_bs=4": {
      "best_reward_values": [
        -16.125064849853516,
        -18.528196334838867,
        -18.573627471923828,
        -17.12838363647461,
        -20.04448699951172
      ],
      "final_guided_mae_values": [
        1.2357311248779297,
        1.7807601690292358,
        2.0711066722869873,
        1.5523487329483032,
        1.3247668743133545
      ]
    },
    "off_bs=16": {
      "best_reward_values": [
        -15.090076446533203,
        -11.549934387207031,
        -10.99547290802002,
        -19.8209228515625,
        -16.440765380859375
      ],
      "final_guided_mae_values": [
        1.1892441511154177,
        1.042076587677002,
        1.3069971799850464,
        1.2648138999938965,
        1.1075553894042969
      ]
    },
    "off_bs=64": {
      "best_reward_values": [
        -8.044416427612305,
        -8.428716659545898,
        -6.369626522064209,
        -7.725932598114014,
        -6.437595367431641
      ],
      "final_guided_mae_values": [
        0.6483286619186401,
        1.0118623971939087,
        0.4283546507358551,
        0.4679056704044342,
        1.1643812656402588
      ]
    },
    "off_bs=256": {
      "best_reward_values": [
        -4.083715438842773,
        -4.883267879486084,
        -5.324014186859131,
        -4.720483779907227,
        -4.666187286376953
      ],
      "final_guided_mae_values": [
        0.3057819306850433,
        0.5919297933578491,
        0.3893750011920929,
        0.2443502098321914,
        0.2495842427015304
      ]
    },
    "ssmc_bs=1": {
      "best_reward_values": [
        -13.059861183166504,
        -18.506492614746097,
        -20.15391731262207,
        -13.814921379089355,
        -16.78314781188965
      ],
      "final_guided_mae_values": [
        2.282703399658203,
        2.1837189197540283,
        1.7614761590957642,
        1.1605796813964844,
        3.021137237548828
      ]
    },
    "ssmc_bs=4": {
      "best_reward_values": [
        -11.398473739624023,
        -12.031187057495115,
        -12.44975471496582,
        -13.35898208618164,
        -12.232793807983398
      ],
      "final_guided_mae_values": [
        1.972811818122864,
        2.040943145751953,
        1.915404200553894,
        2.0003297328948975,
        2.0594019889831543
      ]
    },
    "ssmc_bs=16": {
      "best_reward_values": [
        -13.312729835510254,
        -10.867477416992188,
        -8.210200309753418,
        -9.45383644104004,
        -7.541834831237793
      ],
      "final_guided_mae_values": [
        1.9219321012496948,
        1.5825817584991455,
        1.930539608001709,
        1.476691484451294,
        2.1593196392059326
      ]
    },
    "ssmc_bs=64": {
      "best_reward_values": [
        -7.820121765136719,
        -7.911684036254883,
        -8.38247013092041,
        -7.422903060913086,
        -6.555058002471924
      ],
      "final_guided_mae_values": [
        1.643972873687744,
        1.4026912450790403,
        1.792734146118164,
        1.6965863704681396,
        1.425212025642395
      ]
    },
    "ssmc_bs=256": {
      "best_reward_values": [
        -5.3549323081970215,
        -4.132813453674316,
        -5.382321357727051,
        -5.254077911376953,
        -4.863903522491455
      ],
      "final_guided_mae_values": [
        1.427972435951233,
        1.3157637119293213,
        1.404470920562744,
        1.268558144569397,
        1.2389589548110962
      ]
    }
  }
}