{
  "setting_A": {
    "single_seed_mc": {
      "t00_20": {
        "n": 1957,
        "mean": 0.036507897078990936,
        "std": 1.1600326299667358,
        "var": 1.3456755876541138
      },
      "t20_40": {
        "n": 2163,
        "mean": 0.03288569673895836,
        "std": 1.1654818058013916,
        "var": 1.358347773551941
      },
      "t40_60": {
        "n": 1938,
        "mean": 0.04343368485569954,
        "std": 1.1470203399658203,
        "var": 1.3156557083129883
      },
      "t60_80": {
        "n": 2040,
        "mean": 0.0738605484366417,
        "std": 1.0714889764785767,
        "var": 1.1480885744094849
      },
      "t80_100": {
        "n": 2040,
        "mean": 0.1450311541557312,
        "std": 0.9493382573127747,
        "var": 0.9012430906295776
      }
    },
    "single_seed_td_lam06": {
      "t00_20": {
        "n": 1957,
        "mean": 0.09257039427757263,
        "std": 0.5838291645050049,
        "var": 0.3408564627170563
      },
      "t20_40": {
        "n": 2163,
        "mean": 0.09688518196344376,
        "std": 0.6532126069068909,
        "var": 0.42668670415878296
      },
      "t40_60": {
        "n": 1938,
        "mean": 0.11433747410774231,
        "std": 0.7337316870689392,
        "var": 0.5383622050285339
      },
      "t60_80": {
        "n": 2040,
        "mean": 0.11601608246564865,
        "std": 0.8164891004562378,
        "var": 0.6666544675827026
      },
      "t80_100": {
        "n": 2040,
        "mean": 0.12318722158670425,
        "std": 0.9225858449935913,
        "var": 0.8511646389961243
      }
    },
    "single_seed_td_lam02": {
      "t00_20": {
        "n": 1957,
        "mean": 0.056425679475069046,
        "std": 0.2930821180343628,
        "var": 0.08589712530374527
      },
      "t20_40": {
        "n": 2163,
        "mean": 0.056805163621902466,
        "std": 0.37294647097587585,
        "var": 0.13908907771110535
      },
      "t40_60": {
        "n": 1938,
        "mean": 0.046383943408727646,
        "std": 0.44905686378479004,
        "var": 0.20165206491947174
      },
      "t60_80": {
        "n": 2040,
        "mean": -0.0026376948226243258,
        "std": 0.5770274996757507,
        "var": 0.33296072483062744
      },
      "t80_100": {
        "n": 2040,
        "mean": 0.015522603876888752,
        "std": 0.8035381436347961,
        "var": 0.6456735730171204
      }
    },
    "one_step_bootstrap": {
      "t00_20": {
        "n": 2640,
        "mean": -0.8775336742401123,
        "std": 2.098101854324341,
        "var": 4.402031421661377
      },
      "t20_40": {
        "n": 2400,
        "mean": -3.89314341545105,
        "std": 6.271806240081787,
        "var": 39.33555603027344
      },
      "t40_60": {
        "n": 2080,
        "mean": -5.7454729080200195,
        "std": 8.339049339294434,
        "var": 69.53974151611328
      },
      "t60_80": {
        "n": 1600,
        "mean": -6.086691856384277,
        "std": 10.22613525390625,
        "var": 104.57383728027344
      },
      "t80_100": {
        "n": 1520,
        "mean": -2.758406162261963,
        "std": 5.216329574584961,
        "var": 27.210094451904297
      }
    }
  },
  "setting_B": {
    "single_seed_mc": {
      "t00_20": {
        "n": 1957,
        "mean": -0.22019778192043304,
        "std": 1.7229974269866943,
        "var": 2.968719959259033
      },
      "t20_40": {
        "n": 2163,
        "mean": -0.21562771499156952,
        "std": 1.7215255498886108,
        "var": 2.9636502265930176
      },
      "t40_60": {
        "n": 1938,
        "mean": -0.20601657032966614,
        "std": 1.7301528453826904,
        "var": 2.9934287071228027
      },
      "t60_80": {
        "n": 2040,
        "mean": -0.16561536490917206,
        "std": 1.737499713897705,
        "var": 3.0189054012298584
      },
      "t80_100": {
        "n": 2040,
        "mean": -0.050448257476091385,
        "std": 1.5855011940002441,
        "var": 2.5138142108917236
      }
    },
    "single_seed_td_lam06": {
      "t00_20": {
        "n": 1957,
        "mean": 0.21075496077537537,
        "std": 0.574504554271698,
        "var": 0.33005547523498535
      },
      "t20_40": {
        "n": 2163,
        "mean": 0.2061031311750412,
        "std": 0.6338906288146973,
        "var": 0.40181735157966614
      },
      "t40_60": {
        "n": 1938,
        "mean": 0.20055384933948517,
        "std": 0.6947530508041382,
        "var": 0.48268184065818787
      },
      "t60_80": {
        "n": 2040,
        "mean": 0.15607145428657532,
        "std": 0.7982215285301208,
        "var": 0.6371575593948364
      },
      "t80_100": {
        "n": 2040,
        "mean": 0.1735650897026062,
        "std": 0.8725125789642334,
        "var": 0.7612782120704651
      }
    },
    "single_seed_td_lam02": {
      "t00_20": {
        "n": 1957,
        "mean": 0.19426488876342773,
        "std": 0.33963799476623535,
        "var": 0.11535397171974182
      },
      "t20_40": {
        "n": 2163,
        "mean": 0.19406531751155853,
        "std": 0.4120989739894867,
        "var": 0.16982555389404297
      },
      "t40_60": {
        "n": 1938,
        "mean": 0.18406498432159424,
        "std": 0.5127307176589966,
        "var": 0.2628927528858185
      },
      "t60_80": {
        "n": 2040,
        "mean": 0.15758344531059265,
        "std": 0.6305555105209351,
        "var": 0.39760029315948486
      },
      "t80_100": {
        "n": 2040,
        "mean": 0.1523633748292923,
        "std": 0.7381566762924194,
        "var": 0.5448752641677856
      }
    },
    "one_step_bootstrap": {
      "t00_20": {
        "n": 2640,
        "mean": -0.7349814772605896,
        "std": 1.4541945457458496,
        "var": 2.1146819591522217
      },
      "t20_40": {
        "n": 2400,
        "mean": -2.1312026977539062,
        "std": 3.305172920227051,
        "var": 10.924168586730957
      },
      "t40_60": {
        "n": 2080,
        "mean": -3.9874184131622314,
        "std": 5.733026027679443,
        "var": 32.86758804321289
      },
      "t60_80": {
        "n": 1600,
        "mean": -3.0490376949310303,
        "std": 5.549569606781006,
        "var": 30.797725677490234
      },
      "t80_100": {
        "n": 1520,
        "mean": -1.144513726234436,
        "std": 4.433921813964844,
        "var": 19.659664154052734
      }
    }
  }
}