{
  "n_seeds": 10,
  "best_reward": {
    "mean": -4.4697260618209835,
    "sd": 0.438684957232027,
    "min": -5.324014186859131,
    "max": -3.8998124599456783,
    "values": [
      -4.083715438842773,
      -4.883267879486084,
      -5.324014186859131,
      -4.720483779907227,
      -4.666187286376953,
      -3.8998124599456783,
      -4.441170692443848,
      -4.02166748046875,
      -4.243573188781738,
      -4.413368225097656
    ]
  },
  "final_reward": {
    "mean": -8.768063926696778,
    "sd": 3.6647003861224055,
    "values": [
      -9.546131134033203,
      -12.916086196899414,
      -9.665061950683594,
      -5.904287338256836,
      -6.180969715118408,
      -14.396814346313477,
      -12.99968433380127,
      -4.02166748046875,
      -5.71429443359375,
      -6.335642337799072
    ]
  },
  "final_guided_mae": {
    "mean": 0.41762825548648835,
    "sd": 0.1730775602841581,
    "min": 0.2443502098321914,
    "max": 0.7295855283737183,
    "values": [
      0.3057819306850433,
      0.5919297933578491,
      0.3893750011920929,
      0.2443502098321914,
      0.2495842427015304,
      0.7295855283737183,
      0.6312218904495239,
      0.345109760761261,
      0.2783173024654388,
      0.4110268950462341
    ]
  },
  "ssmc_refs": {
    "ssmc k=0 vanilla": {
      "best": -13.347,
      "final": -23.592,
      "mae": 1.706,
      "color": "#7f7f7f"
    },
    "ssmc k=0 shuffle": {
      "best": -7.627,
      "final": -9.663,
      "mae": 0.6,
      "color": "#2ca02c"
    },
    "ssmc k=0 1-per-traj": {
      "best": -6.69,
      "final": -10.364,
      "mae": 0.648,
      "color": "#d62728"
    }
  }
}