{
  "single_seed_td_lambda_t80": {
    "params": {
      "method": "single_seed_td_lambda",
      "n_steps": 22,
      "random_t": true,
      "off_policy_frac": 0.21671259944401122,
      "smc_type": "k_r",
      "k": 0.11605903820743421,
      "mc_samples": 5,
      "lambda_eff": 0.17107913458673155,
      "lr": 0.00013562588956760114,
      "use_grad_decay": false
    },
    "lcb_mean": -10.308244284999503,
    "lcb_sd": 1.1124338300460066,
    "lcb_values": [
      -9.057742607269667,
      -10.502799983866623,
      -9.265763328917776,
      -11.530612877306751,
      -11.184302627636697
    ],
    "best_mean": -5.723362636566162,
    "best_sd": 0.585228478363899
  },
  "single_seed_td_lambda_t68": {
    "params": {
      "method": "single_seed_td_lambda",
      "n_steps": 39,
      "random_t": true,
      "off_policy_frac": 0.2818414647095561,
      "smc_type": "k_r",
      "k": 0.5231060610437316,
      "mc_samples": 2,
      "lambda_eff": 0.0009632389173053341,
      "lr": 0.00015129905628246697,
      "use_grad_decay": false
    },
    "lcb_mean": -21.290763017498318,
    "lcb_sd": 7.765723308958575,
    "lcb_values": [
      -25.291053651291133,
      -21.541554227650277,
      -13.323155936861625,
      -31.945944703063617,
      -14.352106568624954
    ],
    "best_mean": -10.458860874176025,
    "best_sd": 3.3638127442272117
  },
  "single_seed_td_lambda_t58": {
    "params": {
      "method": "single_seed_td_lambda",
      "n_steps": 21,
      "random_t": true,
      "off_policy_frac": 0.28892733410265725,
      "smc_type": "kV_plus_ltr",
      "k": 0.7178174230044229,
      "l": 0.006914373418690178,
      "mc_samples": 2,
      "lambda_eff": 0.005606526996091779,
      "lr": 0.00017019629039513557,
      "use_grad_decay": false
    },
    "lcb_mean": -14.079637149564542,
    "lcb_sd": 1.8272003725219184,
    "lcb_values": [
      -13.836265674191262,
      -16.623124319878233,
      -13.828136219161816,
      -14.58248794509963,
      -11.528171589491757
    ],
    "best_mean": -7.867751407623291,
    "best_sd": 0.9120392730341589
  },
  "single_seed_mc_t6": {
    "params": {
      "method": "single_seed_mc",
      "n_steps": 30,
      "random_t": true,
      "off_policy_frac": 0.038489954914396496,
      "smc_type": "k_Vema",
      "k": 0.4115113049561089,
      "ema_decay": 0.9795635356130123,
      "mc_samples": 1,
      "lr": 0.0020816986844858928,
      "use_grad_decay": false
    },
    "lcb_mean": -18.538195816721288,
    "lcb_sd": 3.2801623278372345,
    "lcb_values": [
      -17.6410361292132,
      -13.830500504572772,
      -21.727319854417594,
      -17.87761558497167,
      -21.61450701043119
    ],
    "best_mean": -8.947100734710693,
    "best_sd": 1.5451777790391583
  },
  "single_seed_mc_t1": {
    "params": {
      "method": "single_seed_mc",
      "n_steps": 24,
      "random_t": true,
      "off_policy_frac": 0.14607232426760908,
      "smc_type": "k_Vema",
      "k": 0.05987474910461401,
      "ema_decay": 0.9045985908592798,
      "mc_samples": 5,
      "lr": 0.0001786013788939711,
      "use_grad_decay": false
    },
    "lcb_mean": -14.962071184613801,
    "lcb_sd": 2.205030328491104,
    "lcb_values": [
      -12.202377397038427,
      -18.21993207383381,
      -14.327621343799864,
      -15.66552921955687,
      -14.394895888840045
    ],
    "best_mean": -7.141910076141357,
    "best_sd": 0.9137983986021507
  },
  "single_seed_mc_t57": {
    "params": {
      "method": "single_seed_mc",
      "n_steps": 14,
      "random_t": true,
      "off_policy_frac": 0.1261876943882982,
      "smc_type": "k_Vema",
      "k": 0.9893886668963223,
      "ema_decay": 0.9209795463568443,
      "mc_samples": 1,
      "lr": 0.0015863101582178271,
      "use_grad_decay": false
    },
    "lcb_mean": -19.887513145675406,
    "lcb_sd": 3.7006977977445965,
    "lcb_values": [
      -21.693944553938387,
      -15.975633168737547,
      -16.99730962517703,
      -19.61197380807123,
      -25.158704572452844
    ],
    "best_mean": -10.551568031311035,
    "best_sd": 3.4325595468452845
  }
}