{
  "0": {
    "params": {
      "lr": 0.00035747129226002455,
      "loss_type": "quad",
      "use_grad_decay": true,
      "grad_decay": 4.207053950287933e-05
    },
    "lcb_mean": -22.154292576328043,
    "lcb_sd": 2.064687292631941,
    "lcb_values": [
      -20.37810325879799,
      -20.400828144617655,
      -24.545818052674164,
      -21.23084433868099,
      -24.215869086869418
    ],
    "best_mean": -13.645105361938477,
    "best_sd": 1.9708254360029263
  },
  "6": {
    "params": {
      "lr": 0.0026690431824362526,
      "loss_type": "quad",
      "use_grad_decay": false
    },
    "lcb_mean": -22.877166379145077,
    "lcb_sd": 4.984574818247332,
    "lcb_values": [
      -16.01263085722916,
      -22.510531486279778,
      -29.972246261156478,
      -23.888147632178136,
      -22.002275658881846
    ],
    "best_mean": -14.107146453857421,
    "best_sd": 6.156790720970225
  },
  "14": {
    "params": {
      "lr": 0.0006495873533684493,
      "loss_type": "quad",
      "use_grad_decay": false
    },
    "lcb_mean": -25.139907752507867,
    "lcb_sd": 2.0292119713021863,
    "lcb_values": [
      -24.415083795971093,
      -24.300043028203845,
      -27.943473304222966,
      -26.33880298026998,
      -22.702135653871455
    ],
    "best_mean": -15.308913803100586,
    "best_sd": 0.9252905259209828
  }
}