{
  "config": {
    "TOTAL_STEPS": 1000,
    "BS": 256,
    "LR": 0.001,
    "MC_SAMPLES": 10,
    "N_TRAJ_BIG": 25600,
    "E_OPT": -2.5872042368695656
  },
  "summary": {
    "off-policy": {
      "best": -4.285143852233887,
      "final": -4.285143852233887,
      "guided_mae": 0.3343996107578277
    },
    "ssmc k=0  vanilla": {
      "best": -13.34694480895996,
      "final": -23.5915470123291,
      "guided_mae": 1.7060009241104126
    },
    "ssmc k=0  shuffle": {
      "best": -7.627313613891602,
      "final": -9.66334056854248,
      "guided_mae": 0.6003187298774719
    },
    "ssmc k=0  1-per-traj": {
      "best": -6.6903533935546875,
      "final": -10.364078521728516,
      "guided_mae": 0.6481872200965881
    },
    "ssmc k=t  1-per-traj": {
      "best": -11.834355354309082,
      "final": -16.485198974609375,
      "guided_mae": 2.1120810508728027
    }
  }
}