{
  "config": {
    "TOTAL_STEPS": 1000,
    "BS": 256,
    "LR": 0.001,
    "MC_SAMPLES": 10,
    "DS_BATCH": 4,
    "off_policy_frac": 1.0,
    "use_ema": false,
    "n_seeds": 5,
    "E_OPT": -2.5872042368695656
  },
  "best_reward": {
    "mean": -4.326114273071289,
    "sd": 0.3846671894640001,
    "values": [
      -4.083142280578613,
      -3.904466152191162,
      -4.532514572143555,
      -4.877302646636963,
      -4.233145713806152
    ]
  },
  "final_reward": {
    "mean": -7.753151798248291,
    "sd": 2.167823392051325,
    "values": [
      -8.382867813110352,
      -3.904466152191162,
      -8.80739974975586,
      -9.09480094909668,
      -8.576224327087402
    ]
  },
  "final_guided_mae": {
    "mean": 0.37045665383338927,
    "sd": 0.058754196952805066,
    "values": [
      0.3519381880760193,
      0.3307220041751861,
      0.4320788979530334,
      0.4323467314243316,
      0.3051974475383758
    ]
  },
  "vs_offpolicy_p_best": 0.531731405054925,
  "vs_offpolicy_p_mae": 0.45201367160487077
}