{
  "method": "ancestral_mc_td_lambda",
  "dim": 2,
  "loss": "quad",
  "problem": {
    "d": 2,
    "reward_scale": 26.154015541076664,
    "target_gap": 6.0,
    "gap_empirical": 6.0,
    "bias_val": -6.0,
    "V00_analytical": -6.015334606170654,
    "mean_dist2": 4.861281871795654,
    "r_min": -756.6959228515625,
    "r_max": -8.478089876007289e-05
  },
  "winner_trial": 11,
  "winner": {
    "params": {
      "off_policy_frac": 0.1226085230768934,
      "lr": 0.00011693285592874075,
      "use_grad_decay": false,
      "n_steps": 28,
      "mc_samples": 4,
      "smc_type": "kV_plus_ltr",
      "k": 0.0014365708396038483,
      "l": 0.5583595034170049,
      "lambda_eff": 0.8474878452058017
    },
    "lcb_mean": -47.733526768482875,
    "lcb_sd": 7.188781929905726,
    "lcb_values": [
      -42.40249943929274,
      -44.82141832460188,
      -42.62169659953101,
      -49.19058115378622,
      -59.63143832520253
    ],
    "best_mean": -27.726116561889647,
    "best_sd": 2.1441797876264785
  },
  "chosen": [
    {
      "trial": 11,
      "lcb": -49.905921959548714,
      "params": {
        "off_policy_frac": 0.1226085230768934,
        "lr": 0.00011693285592874075,
        "use_grad_decay": false,
        "n_steps": 28,
        "mc_samples": 4,
        "smc_type": "kV_plus_ltr",
        "k": 0.0014365708396038483,
        "l": 0.5583595034170049,
        "lambda_eff": 0.8474878452058017
      }
    },
    {
      "trial": 17,
      "lcb": -67.76552303506573,
      "params": {
        "off_policy_frac": 0.3724341440752631,
        "lr": 0.00015621118294720473,
        "use_grad_decay": false,
        "n_steps": 28,
        "mc_samples": 3,
        "smc_type": "kt_r",
        "k": 0.003670400645369682,
        "lambda_eff": 0.9440127633964845
      }
    },
    {
      "trial": 39,
      "lcb": -89.92644495580389,
      "params": {
        "off_policy_frac": 0.18372843885399082,
        "lr": 0.0024804773690835762,
        "use_grad_decay": false,
        "n_steps": 50,
        "mc_samples": 1,
        "smc_type": "k_r",
        "k": 0.0011219363965543486,
        "lambda_eff": 0.8928974032622569
      }
    }
  ],
  "confirm": {
    "11": {
      "params": {
        "off_policy_frac": 0.1226085230768934,
        "lr": 0.00011693285592874075,
        "use_grad_decay": false,
        "n_steps": 28,
        "mc_samples": 4,
        "smc_type": "kV_plus_ltr",
        "k": 0.0014365708396038483,
        "l": 0.5583595034170049,
        "lambda_eff": 0.8474878452058017
      },
      "lcb_mean": -47.733526768482875,
      "lcb_sd": 7.188781929905726,
      "lcb_values": [
        -42.40249943929274,
        -44.82141832460188,
        -42.62169659953101,
        -49.19058115378622,
        -59.63143832520253
      ],
      "best_mean": -27.726116561889647,
      "best_sd": 2.1441797876264785
    },
    "17": {
      "params": {
        "off_policy_frac": 0.3724341440752631,
        "lr": 0.00015621118294720473,
        "use_grad_decay": false,
        "n_steps": 28,
        "mc_samples": 3,
        "smc_type": "kt_r",
        "k": 0.003670400645369682,
        "lambda_eff": 0.9440127633964845
      },
      "lcb_mean": -443.9713438705179,
      "lcb_sd": 613.9825291991174,
      "lcb_values": [
        -81.32563928912687,
        -475.15263945663514,
        -60.58177448595115,
        -103.93208395386249,
        -1498.8645821670139
      ],
      "best_mean": -50.1850471496582,
      "best_sd": 10.843334380581847
    },
    "39": {
      "params": {
        "off_policy_frac": 0.18372843885399082,
        "lr": 0.0024804773690835762,
        "use_grad_decay": false,
        "n_steps": 50,
        "mc_samples": 1,
        "smc_type": "k_r",
        "k": 0.0011219363965543486,
        "lambda_eff": 0.8928974032622569
      },
      "lcb_mean": -111.7698056038345,
      "lcb_sd": 14.255488094611373,
      "lcb_values": [
        -130.4737152178836,
        -104.23020533261789,
        -112.33213446381066,
        -118.8895662727626,
        -92.92340673209775
      ],
      "best_mean": -58.01039276123047,
      "best_sd": 21.619084825951912
    }
  },
  "convergence": {
    "plateau_reward": -28.19999285538991,
    "convergence_step": 25999,
    "final_lcb": -31.915480162625535,
    "ckpt_dir": "checkpoints/dim_scaling_bs4/ancestral_mc_td_lambda_d2"
  },
  "convergence_curve": {
    "steps": [
      999,
      1999,
      2999,
      3999,
      4999,
      5999,
      6999,
      7999,
      8999,
      9999,
      10999,
      11999,
      12999,
      13999,
      14999,
      15999,
      16999,
      17999,
      18999,
      19999,
      20999,
      21999,
      22999,
      23999,
      24999,
      25999,
      26999,
      27999,
      28999,
      29999
    ],
    "val_reward": [
      -92.30514526367188,
      -46.5470085144043,
      -65.69805908203125,
      -33.2996826171875,
      -35.66499328613281,
      -43.24324798583984,
      -38.35643768310547,
      -31.26811981201172,
      -54.7186164855957,
      -39.3045768737793,
      -36.22405242919922,
      -37.83190155029297,
      -30.92240333557129,
      -33.0710563659668,
      -32.96815872192383,
      -29.926477432250977,
      -37.03507232666016,
      -40.043060302734375,
      -31.536287307739254,
      -33.01919937133789,
      -26.06095123291016,
      -27.046316146850582,
      -27.894886016845703,
      -34.53424835205078,
      -36.24246597290039,
      -18.110496520996094,
      -19.7594051361084,
      -27.94793701171875,
      -23.19018173217773,
      -20.107158660888672
    ]
  },
  "elapsed_min": 43.511935945351915
}