{
  "method": "ancestral_mc_td_lambda",
  "dim": 32,
  "loss": "quad",
  "problem": {
    "d": 32,
    "reward_scale": 0.10642685368657114,
    "target_gap": 6.0,
    "gap_empirical": 6.0,
    "bias_val": -6.0,
    "V00_analytical": -6.002215385437012,
    "mean_dist2": 63.69141387939453,
    "r_min": -12.939617156982422,
    "r_max": -2.8226382732391357
  },
  "winner_trial": 34,
  "winner": {
    "params": {
      "off_policy_frac": 0.22858323875107658,
      "lr": 0.00013298958019262216,
      "use_grad_decay": false,
      "n_steps": 30,
      "mc_samples": 1,
      "smc_type": "k_Vema",
      "k": 0.08559106096544004,
      "ema_decay": 0.9545792049767794,
      "lambda_eff": 0.6895223384384674
    },
    "lcb_mean": -6.087656911014801,
    "lcb_sd": 0.12365078014814829,
    "lcb_values": [
      -6.106705556231859,
      -6.107052269991832,
      -6.160137809278899,
      -6.188740592418678,
      -5.875648327152735
    ],
    "best_mean": -5.568047142028808,
    "best_sd": 0.23180732337823481
  },
  "chosen": [
    {
      "trial": 34,
      "lcb": -6.1482140227277835,
      "params": {
        "off_policy_frac": 0.22858323875107658,
        "lr": 0.00013298958019262216,
        "use_grad_decay": false,
        "n_steps": 30,
        "mc_samples": 1,
        "smc_type": "k_Vema",
        "k": 0.08559106096544004,
        "ema_decay": 0.9545792049767794,
        "lambda_eff": 0.6895223384384674
      }
    },
    {
      "trial": 25,
      "lcb": -6.163964872167014,
      "params": {
        "off_policy_frac": 0.29590133882810515,
        "lr": 0.0002678202761394297,
        "use_grad_decay": false,
        "n_steps": 35,
        "mc_samples": 1,
        "smc_type": "k_r",
        "k": 0.010055498136042543,
        "lambda_eff": 0.725698386845486
      }
    },
    {
      "trial": 6,
      "lcb": -6.169730688174624,
      "params": {
        "off_policy_frac": 0.44360637128816327,
        "lr": 0.0002879775265707035,
        "use_grad_decay": false,
        "n_steps": 42,
        "mc_samples": 3,
        "smc_type": "kV_plus_ltr",
        "k": 0.030296104428212477,
        "l": 0.03699972431463808,
        "lambda_eff": 0.42754101835854963
      }
    }
  ],
  "confirm": {
    "34": {
      "params": {
        "off_policy_frac": 0.22858323875107658,
        "lr": 0.00013298958019262216,
        "use_grad_decay": false,
        "n_steps": 30,
        "mc_samples": 1,
        "smc_type": "k_Vema",
        "k": 0.08559106096544004,
        "ema_decay": 0.9545792049767794,
        "lambda_eff": 0.6895223384384674
      },
      "lcb_mean": -6.087656911014801,
      "lcb_sd": 0.12365078014814829,
      "lcb_values": [
        -6.106705556231859,
        -6.107052269991832,
        -6.160137809278899,
        -6.188740592418678,
        -5.875648327152735
      ],
      "best_mean": -5.568047142028808,
      "best_sd": 0.23180732337823481
    },
    "25": {
      "params": {
        "off_policy_frac": 0.29590133882810515,
        "lr": 0.0002678202761394297,
        "use_grad_decay": false,
        "n_steps": 35,
        "mc_samples": 1,
        "smc_type": "k_r",
        "k": 0.010055498136042543,
        "lambda_eff": 0.725698386845486
      },
      "lcb_mean": -6.233630497725342,
      "lcb_sd": 0.06364256500939088,
      "lcb_values": [
        -6.2377656019618755,
        -6.2214829553108215,
        -6.182303003835907,
        -6.187005912668275,
        -6.3395950148498255
      ],
      "best_mean": -5.856113910675049,
      "best_sd": 0.060589157615860166
    },
    "6": {
      "params": {
        "off_policy_frac": 0.44360637128816327,
        "lr": 0.0002879775265707035,
        "use_grad_decay": false,
        "n_steps": 42,
        "mc_samples": 3,
        "smc_type": "kV_plus_ltr",
        "k": 0.030296104428212477,
        "l": 0.03699972431463808,
        "lambda_eff": 0.42754101835854963
      },
      "lcb_mean": -6.244495542196493,
      "lcb_sd": 0.08636108890748957,
      "lcb_values": [
        -6.169014773377271,
        -6.171839570434151,
        -6.378047047127727,
        -6.273169752525409,
        -6.230406567517906
      ],
      "best_mean": -5.92626371383667,
      "best_sd": 0.1372682163513388
    }
  },
  "convergence": {
    "plateau_reward": -6.132175753513972,
    "convergence_step": 14999,
    "final_lcb": -6.177063467694437,
    "ckpt_dir": "checkpoints/dim_scaling_bs4/ancestral_mc_td_lambda_d32"
  },
  "convergence_curve": {
    "steps": [
      999,
      1999,
      2999,
      3999,
      4999,
      5999,
      6999,
      7999,
      8999,
      9999,
      10999,
      11999,
      12999,
      13999,
      14999,
      15999,
      16999,
      17999,
      18999,
      19999,
      20999,
      21999,
      22999,
      23999,
      24999,
      25999,
      26999,
      27999,
      28999,
      29999
    ],
    "val_reward": [
      -5.9260969161987305,
      -6.051375389099121,
      -6.145318984985352,
      -6.2920427322387695,
      -6.282286167144775,
      -6.330953598022461,
      -6.202249526977539,
      -6.18372917175293,
      -6.282264709472656,
      -6.332246780395508,
      -6.2679443359375,
      -6.140997886657715,
      -6.192287445068359,
      -5.96969747543335,
      -6.034124374389648,
      -5.90241813659668,
      -6.172904014587402,
      -6.1589860916137695,
      -6.042026519775391,
      -6.397966384887695,
      -6.126486778259277,
      -6.163562774658203,
      -5.977048397064209,
      -5.97867488861084,
      -6.2220964431762695,
      -6.098989486694336,
      -6.177334785461426,
      -6.208874225616455,
      -6.298003196716309,
      -6.089902877807617
    ]
  },
  "elapsed_min": 53.455698589483895
}