{
  "method": "ancestral_mc_td_lambda",
  "dim": 128,
  "loss": "quad",
  "problem": {
    "d": 128,
    "reward_scale": 0.023858570493757728,
    "target_gap": 6.0,
    "gap_empirical": 6.0,
    "bias_val": -6.0,
    "V00_analytical": -5.999350547790527,
    "mean_dist2": 258.8410949707031,
    "r_min": -9.135849952697754,
    "r_max": -3.991947889328003
  },
  "winner_trial": 13,
  "winner": {
    "params": {
      "off_policy_frac": 0.29246950996503984,
      "lr": 0.0001390519992570947,
      "use_grad_decay": false,
      "n_steps": 37,
      "mc_samples": 17,
      "smc_type": "kt_r",
      "k": 0.0028725986667684344,
      "lambda_eff": 0.11423111476369538
    },
    "lcb_mean": -5.878276486300632,
    "lcb_sd": 0.17935192968319172,
    "lcb_values": [
      -5.858187989290839,
      -5.959601331585198,
      -5.5749557728935395,
      -5.986178930491901,
      -6.01245840724168
    ],
    "best_mean": -5.477272033691406,
    "best_sd": 0.2027362848499461
  },
  "chosen": [
    {
      "trial": 28,
      "lcb": -5.263739547634835,
      "params": {
        "off_policy_frac": 0.33965503316935286,
        "lr": 0.00013530185947575155,
        "use_grad_decay": false,
        "n_steps": 39,
        "mc_samples": 21,
        "smc_type": "k_Vnograd",
        "k": 0.0016425240660827745,
        "lambda_eff": 0.07423955334141107
      }
    },
    {
      "trial": 30,
      "lcb": -5.5104616075972706,
      "params": {
        "off_policy_frac": 0.25736522161693676,
        "lr": 0.0001847857282373157,
        "use_grad_decay": false,
        "n_steps": 29,
        "mc_samples": 23,
        "smc_type": "k_Vnograd",
        "k": 0.0031643192473428013,
        "lambda_eff": 0.010706882737198511
      }
    },
    {
      "trial": 13,
      "lcb": -5.859465252216152,
      "params": {
        "off_policy_frac": 0.29246950996503984,
        "lr": 0.0001390519992570947,
        "use_grad_decay": false,
        "n_steps": 37,
        "mc_samples": 17,
        "smc_type": "kt_r",
        "k": 0.0028725986667684344,
        "lambda_eff": 0.11423111476369538
      }
    }
  ],
  "confirm": {
    "28": {
      "params": {
        "off_policy_frac": 0.33965503316935286,
        "lr": 0.00013530185947575155,
        "use_grad_decay": false,
        "n_steps": 39,
        "mc_samples": 21,
        "smc_type": "k_Vnograd",
        "k": 0.0016425240660827745,
        "lambda_eff": 0.07423955334141107
      },
      "lcb_mean": -5.962223369702674,
      "lcb_sd": 0.04991774076559108,
      "lcb_values": [
        -5.9431712595545765,
        -6.029391459052981,
        -5.8997103675946185,
        -5.992671350801799,
        -5.94617241150939
      ],
      "best_mean": -5.493813514709473,
      "best_sd": 0.227078560599337
    },
    "30": {
      "params": {
        "off_policy_frac": 0.25736522161693676,
        "lr": 0.0001847857282373157,
        "use_grad_decay": false,
        "n_steps": 29,
        "mc_samples": 23,
        "smc_type": "k_Vnograd",
        "k": 0.0031643192473428013,
        "lambda_eff": 0.010706882737198511
      },
      "lcb_mean": -6.003788084274075,
      "lcb_sd": 0.026477908285303248,
      "lcb_values": [
        -5.990600313674328,
        -6.017295248008865,
        -5.9633021544018066,
        -6.022829266092495,
        -6.024913439192877
      ],
      "best_mean": -5.695070838928222,
      "best_sd": 0.1994409515539062
    },
    "13": {
      "params": {
        "off_policy_frac": 0.29246950996503984,
        "lr": 0.0001390519992570947,
        "use_grad_decay": false,
        "n_steps": 37,
        "mc_samples": 17,
        "smc_type": "kt_r",
        "k": 0.0028725986667684344,
        "lambda_eff": 0.11423111476369538
      },
      "lcb_mean": -5.878276486300632,
      "lcb_sd": 0.17935192968319172,
      "lcb_values": [
        -5.858187989290839,
        -5.959601331585198,
        -5.5749557728935395,
        -5.986178930491901,
        -6.01245840724168
      ],
      "best_mean": -5.477272033691406,
      "best_sd": 0.2027362848499461
    }
  },
  "convergence": {
    "plateau_reward": -6.004987468322118,
    "convergence_step": 999,
    "final_lcb": -5.882779826415634,
    "ckpt_dir": "checkpoints/dim_scaling_bs4/ancestral_mc_td_lambda_d128"
  },
  "convergence_curve": {
    "steps": [
      999,
      1999,
      2999,
      3999,
      4999,
      5999,
      6999,
      7999,
      8999,
      9999,
      10999,
      11999,
      12999,
      13999,
      14999,
      15999,
      16999,
      17999,
      18999,
      19999,
      20999,
      21999,
      22999,
      23999,
      24999,
      25999,
      26999,
      27999,
      28999,
      29999
    ],
    "val_reward": [
      -5.601393699645996,
      -5.48222541809082,
      -5.1738810539245605,
      -5.511531829833984,
      -5.312024116516113,
      -5.326115608215332,
      -5.23349142074585,
      -5.451593399047852,
      -5.471683502197266,
      -5.585104942321777,
      -5.5423994064331055,
      -5.442041397094727,
      -5.230594635009766,
      -5.54323673248291,
      -5.510130882263184,
      -5.743453025817871,
      -5.744297027587891,
      -5.871669769287109,
      -5.950274467468262,
      -5.917216300964356,
      -5.977128982543945,
      -5.959672927856445,
      -5.996392250061035,
      -5.982208251953125,
      -6.028615951538086,
      -6.046780586242676,
      -6.013591766357422,
      -6.126554489135742,
      -6.125118732452393,
      -6.047180652618408
    ]
  },
  "elapsed_min": 33.52468759616216
}