{
  "method": "ancestral_mc_td_lambda",
  "dim": 8,
  "loss": "quad",
  "problem": {
    "d": 8,
    "reward_scale": 0.7112103402614592,
    "target_gap": 6.0,
    "gap_empirical": 5.999999523162842,
    "bias_val": -5.999999523162842,
    "V00_analytical": -5.990199089050293,
    "mean_dist2": 14.721094131469727,
    "r_min": -32.217369079589844,
    "r_max": -0.9064987897872925
  },
  "winner_trial": 26,
  "winner": {
    "params": {
      "off_policy_frac": 0.3804965728345691,
      "lr": 0.00011329441125904633,
      "use_grad_decay": false,
      "n_steps": 45,
      "mc_samples": 19,
      "smc_type": "kt_r",
      "k": 0.027824167903384173,
      "lambda_eff": 0.8176372158499559
    },
    "lcb_mean": -8.222250192199693,
    "lcb_sd": 0.45504646870579846,
    "lcb_values": [
      -7.66622097426777,
      -8.138276286891735,
      -8.017344194581018,
      -8.882535435725915,
      -8.40687406953203
    ],
    "best_mean": -6.49837589263916,
    "best_sd": 0.29689651148541923
  },
  "chosen": [
    {
      "trial": 17,
      "lcb": -7.558339292540392,
      "params": {
        "off_policy_frac": 0.36258239323456026,
        "lr": 0.00010668692999307603,
        "use_grad_decay": false,
        "n_steps": 60,
        "mc_samples": 2,
        "smc_type": "k_Vema",
        "k": 0.03217081516343968,
        "ema_decay": 0.9233474670808183,
        "lambda_eff": 0.7397502349614792
      }
    },
    {
      "trial": 26,
      "lcb": -7.762313866085081,
      "params": {
        "off_policy_frac": 0.3804965728345691,
        "lr": 0.00011329441125904633,
        "use_grad_decay": false,
        "n_steps": 45,
        "mc_samples": 19,
        "smc_type": "kt_r",
        "k": 0.027824167903384173,
        "lambda_eff": 0.8176372158499559
      }
    },
    {
      "trial": 25,
      "lcb": -8.068044295420366,
      "params": {
        "off_policy_frac": 0.47444784189196476,
        "lr": 0.00011152213070043147,
        "use_grad_decay": false,
        "n_steps": 59,
        "mc_samples": 21,
        "smc_type": "kt_r",
        "k": 0.03873113859667508,
        "lambda_eff": 0.9320622233786456
      }
    }
  ],
  "confirm": {
    "17": {
      "params": {
        "off_policy_frac": 0.36258239323456026,
        "lr": 0.00010668692999307603,
        "use_grad_decay": false,
        "n_steps": 60,
        "mc_samples": 2,
        "smc_type": "k_Vema",
        "k": 0.03217081516343968,
        "ema_decay": 0.9233474670808183,
        "lambda_eff": 0.7397502349614792
      },
      "lcb_mean": -8.611548328897888,
      "lcb_sd": 0.6041503265924764,
      "lcb_values": [
        -8.70402432836341,
        -7.550085417079217,
        -8.880796823776787,
        -9.02234153292515,
        -8.90049354234488
      ],
      "best_mean": -6.648466396331787,
      "best_sd": 0.3996663734793325
    },
    "26": {
      "params": {
        "off_policy_frac": 0.3804965728345691,
        "lr": 0.00011329441125904633,
        "use_grad_decay": false,
        "n_steps": 45,
        "mc_samples": 19,
        "smc_type": "kt_r",
        "k": 0.027824167903384173,
        "lambda_eff": 0.8176372158499559
      },
      "lcb_mean": -8.222250192199693,
      "lcb_sd": 0.45504646870579846,
      "lcb_values": [
        -7.66622097426777,
        -8.138276286891735,
        -8.017344194581018,
        -8.882535435725915,
        -8.40687406953203
      ],
      "best_mean": -6.49837589263916,
      "best_sd": 0.29689651148541923
    },
    "25": {
      "params": {
        "off_policy_frac": 0.47444784189196476,
        "lr": 0.00011152213070043147,
        "use_grad_decay": false,
        "n_steps": 59,
        "mc_samples": 21,
        "smc_type": "kt_r",
        "k": 0.03873113859667508,
        "lambda_eff": 0.9320622233786456
      },
      "lcb_mean": -8.277438053105529,
      "lcb_sd": 0.1306946253514397,
      "lcb_values": [
        -8.18023432194526,
        -8.19830323764434,
        -8.28033764503494,
        -8.22710915782756,
        -8.501205903075538
      ],
      "best_mean": -6.933898162841797,
      "best_sd": 0.3822690675443562
    }
  },
  "convergence": {
    "plateau_reward": -7.128131498893102,
    "convergence_step": 11999,
    "final_lcb": -7.47228653706868,
    "ckpt_dir": "checkpoints/dim_scaling_bs4/ancestral_mc_td_lambda_d8"
  },
  "convergence_curve": {
    "steps": [
      999,
      1999,
      2999,
      3999,
      4999,
      5999,
      6999,
      7999,
      8999,
      9999,
      10999,
      11999,
      12999,
      13999,
      14999,
      15999,
      16999,
      17999,
      18999,
      19999,
      20999,
      21999,
      22999,
      23999,
      24999,
      25999,
      26999,
      27999,
      28999,
      29999
    ],
    "val_reward": [
      -9.410847663879396,
      -7.156601905822754,
      -7.98932933807373,
      -8.268386840820312,
      -7.052585124969482,
      -7.687450408935547,
      -8.856878280639648,
      -7.849370956420898,
      -6.736595630645752,
      -6.639034271240234,
      -6.874243259429932,
      -7.932643890380859,
      -8.50130844116211,
      -8.035506248474121,
      -7.13770866394043,
      -8.100381851196289,
      -6.550181865692139,
      -6.932964324951172,
      -6.40265417098999,
      -7.159944534301758,
      -6.5479416847229,
      -7.7760186195373535,
      -7.123781204223633,
      -7.749675750732422,
      -7.958172798156738,
      -5.592171669006348,
      -7.166183471679688,
      -7.035755634307861,
      -7.38669490814209,
      -6.364318370819092
    ]
  },
  "elapsed_min": 48.60985707044601
}