{
  "method": "off_policy",
  "dim": 32,
  "loss": "quad",
  "problem": {
    "d": 32,
    "reward_scale": 0.10642685368657114,
    "target_gap": 6.0,
    "gap_empirical": 6.0,
    "bias_val": -6.0,
    "V00_analytical": -6.002215385437012,
    "mean_dist2": 63.69141387939453,
    "r_min": -12.939617156982422,
    "r_max": -2.8226382732391357
  },
  "winner_trial": 14,
  "winner": {
    "params": {
      "off_policy_frac": 0.0,
      "lr": 0.00010686283658485931,
      "use_grad_decay": false
    },
    "lcb_mean": -6.126310204172814,
    "lcb_sd": 0.0303119154302625,
    "lcb_values": [
      -6.175887449894735,
      -6.099655905603362,
      -6.118790858761496,
      -6.131487027333741,
      -6.105729779270735
    ],
    "best_mean": -5.626421356201172,
    "best_sd": 0.14719687268480244
  },
  "chosen": [
    {
      "trial": 18,
      "lcb": -6.076067398403828,
      "params": {
        "off_policy_frac": 0.0,
        "lr": 0.00010445877700204905,
        "use_grad_decay": false
      }
    },
    {
      "trial": 14,
      "lcb": -6.121649079665107,
      "params": {
        "off_policy_frac": 0.0,
        "lr": 0.00010686283658485931,
        "use_grad_decay": false
      }
    },
    {
      "trial": 10,
      "lcb": -6.124430029887823,
      "params": {
        "off_policy_frac": 0.0,
        "lr": 0.00011133420492359547,
        "use_grad_decay": false
      }
    }
  ],
  "confirm": {
    "18": {
      "params": {
        "off_policy_frac": 0.0,
        "lr": 0.00010445877700204905,
        "use_grad_decay": false
      },
      "lcb_mean": -6.147559608857337,
      "lcb_sd": 0.0391991265117468,
      "lcb_values": [
        -6.116434063165911,
        -6.1680937058106995,
        -6.206219716650276,
        -6.114594122996297,
        -6.132456435663504
      ],
      "best_mean": -5.6298295021057125,
      "best_sd": 0.12216884277762484
    },
    "14": {
      "params": {
        "off_policy_frac": 0.0,
        "lr": 0.00010686283658485931,
        "use_grad_decay": false
      },
      "lcb_mean": -6.126310204172814,
      "lcb_sd": 0.0303119154302625,
      "lcb_values": [
        -6.175887449894735,
        -6.099655905603362,
        -6.118790858761496,
        -6.131487027333741,
        -6.105729779270735
      ],
      "best_mean": -5.626421356201172,
      "best_sd": 0.14719687268480244
    },
    "10": {
      "params": {
        "off_policy_frac": 0.0,
        "lr": 0.00011133420492359547,
        "use_grad_decay": false
      },
      "lcb_mean": -6.1410899547323625,
      "lcb_sd": 0.054711366841448686,
      "lcb_values": [
        -6.072745968999786,
        -6.185468172167896,
        -6.206362689054082,
        -6.1309089478157865,
        -6.109963995624264
      ],
      "best_mean": -5.667525577545166,
      "best_sd": 0.14105988651388282
    }
  },
  "convergence": {
    "plateau_reward": -6.053322543700536,
    "convergence_step": 21999,
    "final_lcb": -6.123430397748473,
    "ckpt_dir": "checkpoints/dim_scaling_bs4/off_policy_d32"
  },
  "convergence_curve": {
    "steps": [
      999,
      1999,
      2999,
      3999,
      4999,
      5999,
      6999,
      7999,
      8999,
      9999,
      10999,
      11999,
      12999,
      13999,
      14999,
      15999,
      16999,
      17999,
      18999,
      19999,
      20999,
      21999,
      22999,
      23999,
      24999,
      25999,
      26999,
      27999,
      28999,
      29999
    ],
    "val_reward": [
      -6.009167671203613,
      -5.83300256729126,
      -6.103448867797852,
      -6.217863082885742,
      -6.211029529571533,
      -6.276912212371826,
      -6.139829158782959,
      -6.019039154052734,
      -6.2066650390625,
      -6.084163665771484,
      -6.033036708831787,
      -6.265738487243652,
      -6.1566162109375,
      -6.056113243103027,
      -6.1193132400512695,
      -6.138975143432617,
      -6.149735450744629,
      -6.121999740600586,
      -6.152560234069824,
      -6.120570659637451,
      -6.03785514831543,
      -5.888274192810059,
      -6.0958099365234375,
      -6.020500183105469,
      -6.2058424949646,
      -6.097558975219727,
      -6.013622283935547,
      -5.760004043579102,
      -6.176009178161621,
      -6.0706281661987305
    ]
  },
  "elapsed_min": 54.80672518014908
}