{
  "method": "off_policy",
  "dim": 128,
  "loss": "quad",
  "problem": {
    "d": 128,
    "reward_scale": 0.023858570493757728,
    "target_gap": 6.0,
    "gap_empirical": 6.0,
    "bias_val": -6.0,
    "V00_analytical": -5.999350547790527,
    "mean_dist2": 258.8410949707031,
    "r_min": -9.135849952697754,
    "r_max": -3.991947889328003
  },
  "winner_trial": 14,
  "winner": {
    "params": {
      "off_policy_frac": 0.0,
      "lr": 0.00010689756532579226,
      "use_grad_decay": false
    },
    "lcb_mean": -6.056032684590669,
    "lcb_sd": 0.020372001079799505,
    "lcb_values": [
      -6.078761480713449,
      -6.04180127817703,
      -6.028478436538133,
      -6.065810211714568,
      -6.065312015810166
    ],
    "best_mean": -5.375532054901123,
    "best_sd": 0.11617369115034844
  },
  "chosen": [
    {
      "trial": 28,
      "lcb": -6.031691421361574,
      "params": {
        "off_policy_frac": 0.0,
        "lr": 0.00010115129360805052,
        "use_grad_decay": false
      }
    },
    {
      "trial": 14,
      "lcb": -6.0593331797279,
      "params": {
        "off_policy_frac": 0.0,
        "lr": 0.00010689756532579226,
        "use_grad_decay": false
      }
    },
    {
      "trial": 16,
      "lcb": -6.05990276706113,
      "params": {
        "off_policy_frac": 0.0,
        "lr": 0.00011395393600904769,
        "use_grad_decay": false
      }
    }
  ],
  "confirm": {
    "28": {
      "params": {
        "off_policy_frac": 0.0,
        "lr": 0.00010115129360805052,
        "use_grad_decay": false
      },
      "lcb_mean": -6.069241785721174,
      "lcb_sd": 0.005061724985950592,
      "lcb_values": [
        -6.074956660139935,
        -6.067433310664776,
        -6.068657321916031,
        -6.073089658193429,
        -6.0620719776917005
      ],
      "best_mean": -5.434752464294434,
      "best_sd": 0.03107346821746767
    },
    "14": {
      "params": {
        "off_policy_frac": 0.0,
        "lr": 0.00010689756532579226,
        "use_grad_decay": false
      },
      "lcb_mean": -6.056032684590669,
      "lcb_sd": 0.020372001079799505,
      "lcb_values": [
        -6.078761480713449,
        -6.04180127817703,
        -6.028478436538133,
        -6.065810211714568,
        -6.065312015810166
      ],
      "best_mean": -5.375532054901123,
      "best_sd": 0.11617369115034844
    },
    "16": {
      "params": {
        "off_policy_frac": 0.0,
        "lr": 0.00011395393600904769,
        "use_grad_decay": false
      },
      "lcb_mean": -6.0571719525438015,
      "lcb_sd": 0.008558385571364006,
      "lcb_values": [
        -6.055955825108202,
        -6.044015376836839,
        -6.0653005100837305,
        -6.056241786504274,
        -6.0643462641859625
      ],
      "best_mean": -5.678615760803223,
      "best_sd": 0.1630883869065434
    }
  },
  "convergence": {
    "plateau_reward": -6.068145354588826,
    "convergence_step": 21999,
    "final_lcb": -6.094595045148691,
    "ckpt_dir": "checkpoints/dim_scaling_bs4/off_policy_d128"
  },
  "convergence_curve": {
    "steps": [
      999,
      1999,
      2999,
      3999,
      4999,
      5999,
      6999,
      7999,
      8999,
      9999,
      10999,
      11999,
      12999,
      13999,
      14999,
      15999,
      16999,
      17999,
      18999,
      19999,
      20999,
      21999,
      22999,
      23999,
      24999,
      25999,
      26999,
      27999,
      28999,
      29999
    ],
    "val_reward": [
      -6.097555160522461,
      -5.97794771194458,
      -5.98960018157959,
      -6.037883758544922,
      -5.99329948425293,
      -6.020756721496582,
      -6.072203636169434,
      -6.079299449920654,
      -6.038357734680176,
      -6.120156288146973,
      -6.107304573059082,
      -6.121675491333008,
      -6.085262775421143,
      -6.109936237335205,
      -6.09752368927002,
      -6.048688888549805,
      -6.090577125549316,
      -6.131414890289307,
      -6.053256988525391,
      -6.0919189453125,
      -6.101275444030762,
      -6.034710884094238,
      -6.076931953430176,
      -6.08642578125,
      -6.031836986541748,
      -6.059144496917725,
      -6.050098419189453,
      -6.075203895568848,
      -6.071512222290039,
      -6.142714500427246
    ]
  },
  "elapsed_min": 52.194840860366824
}