{
  "method": "off_policy",
  "dim": 8,
  "loss": "quad",
  "problem": {
    "d": 8,
    "reward_scale": 0.7112103402614592,
    "target_gap": 6.0,
    "gap_empirical": 5.999999523162842,
    "bias_val": -5.999999523162842,
    "V00_analytical": -5.990199089050293,
    "mean_dist2": 14.721094131469727,
    "r_min": -32.217369079589844,
    "r_max": -0.9064987897872925
  },
  "winner_trial": 11,
  "winner": {
    "params": {
      "off_policy_frac": 0.0,
      "lr": 0.00010383384455791478,
      "use_grad_decay": false
    },
    "lcb_mean": -8.078234348928278,
    "lcb_sd": 0.2532789322460815,
    "lcb_values": [
      -7.8444617092646185,
      -8.485717721659565,
      -8.150925775977752,
      -7.943468923894651,
      -7.966597613844807
    ],
    "best_mean": -6.482996273040771,
    "best_sd": 0.28124696034346486
  },
  "chosen": [
    {
      "trial": 28,
      "lcb": -7.645466863907646,
      "params": {
        "off_policy_frac": 0.0,
        "lr": 0.00010129147768901365,
        "use_grad_decay": false
      }
    },
    {
      "trial": 8,
      "lcb": -8.177575544591726,
      "params": {
        "off_policy_frac": 0.0,
        "lr": 0.000117115099555241,
        "use_grad_decay": true,
        "grad_decay": 1.8205657658407255e-05
      }
    },
    {
      "trial": 11,
      "lcb": -8.403954787730116,
      "params": {
        "off_policy_frac": 0.0,
        "lr": 0.00010383384455791478,
        "use_grad_decay": false
      }
    }
  ],
  "confirm": {
    "28": {
      "params": {
        "off_policy_frac": 0.0,
        "lr": 0.00010129147768901365,
        "use_grad_decay": false
      },
      "lcb_mean": -8.114356348844591,
      "lcb_sd": 0.33951109879984886,
      "lcb_values": [
        -8.303720075247382,
        -7.858335089786722,
        -8.618147312204862,
        -7.967614023440265,
        -7.823965243543728
      ],
      "best_mean": -6.532210063934326,
      "best_sd": 0.3644591088505943
    },
    "8": {
      "params": {
        "off_policy_frac": 0.0,
        "lr": 0.000117115099555241,
        "use_grad_decay": true,
        "grad_decay": 1.8205657658407255e-05
      },
      "lcb_mean": -8.203000098612689,
      "lcb_sd": 0.30747184199059535,
      "lcb_values": [
        -8.167225576962611,
        -8.638296224926867,
        -7.783300163447757,
        -8.287391290741887,
        -8.13878723698433
      ],
      "best_mean": -6.700550270080567,
      "best_sd": 0.20263856189648555
    },
    "11": {
      "params": {
        "off_policy_frac": 0.0,
        "lr": 0.00010383384455791478,
        "use_grad_decay": false
      },
      "lcb_mean": -8.078234348928278,
      "lcb_sd": 0.2532789322460815,
      "lcb_values": [
        -7.8444617092646185,
        -8.485717721659565,
        -8.150925775977752,
        -7.943468923894651,
        -7.966597613844807
      ],
      "best_mean": -6.482996273040771,
      "best_sd": 0.28124696034346486
    }
  },
  "convergence": {
    "plateau_reward": -7.176323721806209,
    "convergence_step": 16999,
    "final_lcb": -7.474268655733975,
    "ckpt_dir": "checkpoints/dim_scaling_bs4/off_policy_d8"
  },
  "convergence_curve": {
    "steps": [
      999,
      1999,
      2999,
      3999,
      4999,
      5999,
      6999,
      7999,
      8999,
      9999,
      10999,
      11999,
      12999,
      13999,
      14999,
      15999,
      16999,
      17999,
      18999,
      19999,
      20999,
      21999,
      22999,
      23999,
      24999,
      25999,
      26999,
      27999,
      28999,
      29999
    ],
    "val_reward": [
      -8.253900527954102,
      -7.904024600982666,
      -8.660223007202148,
      -8.118096351623535,
      -8.846303939819336,
      -7.751045227050781,
      -7.237625122070312,
      -7.847212314605713,
      -8.165933609008789,
      -6.8104329109191895,
      -7.775794506072998,
      -6.916449546813965,
      -6.934133529663086,
      -8.3375825881958,
      -9.025012969970703,
      -6.529816627502441,
      -6.766878128051758,
      -6.758471965789795,
      -6.987973690032959,
      -7.216904163360596,
      -8.381217956542969,
      -7.764066696166992,
      -6.947678089141846,
      -7.285365104675293,
      -6.8765974044799805,
      -7.537143707275391,
      -6.448414325714111,
      -6.2414751052856445,
      -7.235544204711914,
      -6.400468349456787
    ]
  },
  "elapsed_min": 44.42915164232254
}