{
  "method": "off_policy",
  "dim": 2,
  "loss": "quad",
  "problem": {
    "d": 2,
    "reward_scale": 26.154015541076664,
    "target_gap": 6.0,
    "gap_empirical": 6.0,
    "bias_val": -6.0,
    "V00_analytical": -6.015334606170654,
    "mean_dist2": 4.861281871795654,
    "r_min": -756.6959228515625,
    "r_max": -8.478089876007289e-05
  },
  "winner_trial": 4,
  "winner": {
    "params": {
      "off_policy_frac": 0.0,
      "lr": 0.0002814509271606064,
      "use_grad_decay": true,
      "grad_decay": 0.0001461896279370495
    },
    "lcb_mean": -98.82461007211147,
    "lcb_sd": 12.254760414854836,
    "lcb_values": [
      -110.19369205865962,
      -95.20605621788448,
      -82.80562549195912,
      -112.11239228055072,
      -93.80528431150337
    ],
    "best_mean": -55.709275817871095,
    "best_sd": 5.7618914822305385
  },
  "chosen": [
    {
      "trial": 5,
      "lcb": -84.34968819377417,
      "params": {
        "off_policy_frac": 0.0,
        "lr": 0.0008012737503998541,
        "use_grad_decay": false
      }
    },
    {
      "trial": 28,
      "lcb": -93.54684712782256,
      "params": {
        "off_policy_frac": 0.0,
        "lr": 0.0002581376835708555,
        "use_grad_decay": false
      }
    },
    {
      "trial": 4,
      "lcb": -97.82719404002748,
      "params": {
        "off_policy_frac": 0.0,
        "lr": 0.0002814509271606064,
        "use_grad_decay": true,
        "grad_decay": 0.0001461896279370495
      }
    }
  ],
  "confirm": {
    "5": {
      "params": {
        "off_policy_frac": 0.0,
        "lr": 0.0008012737503998541,
        "use_grad_decay": false
      },
      "lcb_mean": -113.72344362234585,
      "lcb_sd": 17.070628790844495,
      "lcb_values": [
        -111.50980647019803,
        -129.8446275899161,
        -122.8850475844928,
        -85.59361497633003,
        -118.78412149079236
      ],
      "best_mean": -68.68288803100586,
      "best_sd": 23.150633089591665
    },
    "28": {
      "params": {
        "off_policy_frac": 0.0,
        "lr": 0.0002581376835708555,
        "use_grad_decay": false
      },
      "lcb_mean": -101.66983651436185,
      "lcb_sd": 33.97559193894773,
      "lcb_values": [
        -90.37879582244781,
        -158.2010416755951,
        -86.9760160706026,
        -68.9088014585699,
        -103.88452754459388
      ],
      "best_mean": -64.97567901611328,
      "best_sd": 9.153154258562065
    },
    "4": {
      "params": {
        "off_policy_frac": 0.0,
        "lr": 0.0002814509271606064,
        "use_grad_decay": true,
        "grad_decay": 0.0001461896279370495
      },
      "lcb_mean": -98.82461007211147,
      "lcb_sd": 12.254760414854836,
      "lcb_values": [
        -110.19369205865962,
        -95.20605621788448,
        -82.80562549195912,
        -112.11239228055072,
        -93.80528431150337
      ],
      "best_mean": -55.709275817871095,
      "best_sd": 5.7618914822305385
    }
  },
  "convergence": {
    "plateau_reward": -66.2615118821462,
    "convergence_step": 23999,
    "final_lcb": -78.55595373407141,
    "ckpt_dir": "checkpoints/dim_scaling_bs4/off_policy_d2"
  },
  "convergence_curve": {
    "steps": [
      999,
      1999,
      2999,
      3999,
      4999,
      5999,
      6999,
      7999,
      8999,
      9999,
      10999,
      11999,
      12999,
      13999,
      14999,
      15999,
      16999,
      17999,
      18999,
      19999,
      20999,
      21999,
      22999,
      23999,
      24999,
      25999,
      26999,
      27999,
      28999,
      29999
    ],
    "val_reward": [
      -130.8113250732422,
      -75.03237915039062,
      -106.14315032958984,
      -60.06160736083984,
      -69.34469604492188,
      -102.92807006835938,
      -83.4559326171875,
      -91.04971313476562,
      -125.28680419921876,
      -107.93548583984376,
      -85.82870483398438,
      -115.63928985595705,
      -70.30229949951172,
      -80.49696350097656,
      -65.84123229980469,
      -82.40333557128906,
      -89.06394958496094,
      -65.68374633789062,
      -58.786041259765625,
      -69.90483093261719,
      -84.37379455566406,
      -68.2126693725586,
      -86.8368911743164,
      -41.439720153808594,
      -68.7516098022461,
      -69.66416931152344,
      -49.196136474609375,
      -52.97855758666992,
      -68.32681274414062,
      -86.15970611572266
    ]
  },
  "elapsed_min": 16.770095801353456
}