{
  "2": {
    "reward_scale": 26.154015541076664,
    "target_gap": 6.0,
    "V00_analytical": -6.015334606170654,
    "V00_closed_form": -6.015334443326878,
    "V00_mc": -6.031420677617913,
    "E_opt_reward": -0.9965672227751522,
    "E_opt_reward_mc": -1.0084609110966174,
    "opt_terminal_dist2": 0.03810379408890292
  },
  "8": {
    "reward_scale": 0.7112103402614592,
    "target_gap": 6.0,
    "V00_analytical": -5.990199089050293,
    "V00_closed_form": -5.990198884763801,
    "V00_mc": -5.994791353111999,
    "E_opt_reward": -3.925732458130938,
    "E_opt_reward_mc": -3.9311691771307613,
    "opt_terminal_dist2": 5.519791032126639
  },
  "32": {
    "reward_scale": 0.10642685368657114,
    "target_gap": 6.0,
    "V00_analytical": -6.002215385437012,
    "V00_closed_form": -6.002215484913318,
    "V00_mc": -6.002764080305251,
    "E_opt_reward": -5.366530760083195,
    "E_opt_reward_mc": -5.367504824217644,
    "opt_terminal_dist2": 50.42459279955525
  },
  "128": {
    "reward_scale": 0.023858570493757728,
    "target_gap": 6.0,
    "V00_analytical": -5.999350547790527,
    "V00_closed_form": -5.999350432245999,
    "V00_mc": -5.999933166984636,
    "E_opt_reward": -5.835032511201827,
    "E_opt_reward_mc": -5.835798107997918,
    "opt_terminal_dist2": 244.56756588700418
  }
}