{
  "method": "single_seed_mc",
  "dim": 32,
  "loss": "quad",
  "problem": {
    "d": 32,
    "reward_scale": 0.10642685368657114,
    "target_gap": 6.0,
    "gap_empirical": 6.0,
    "bias_val": -6.0,
    "V00_analytical": -6.002215385437012,
    "mean_dist2": 63.69141387939453,
    "r_min": -12.939617156982422,
    "r_max": -2.8226382732391357
  },
  "winner_trial": 15,
  "winner": {
    "params": {
      "off_policy_frac": 0.4838868253733094,
      "lr": 0.00012323758306174317,
      "use_grad_decay": false,
      "n_steps": 21,
      "mc_samples": 9,
      "smc_type": "kt_r",
      "k": 0.03933067365267692,
      "random_t": false
    },
    "lcb_mean": -6.160757448539595,
    "lcb_sd": 0.04136353287208757,
    "lcb_values": [
      -6.139338995946211,
      -6.11526165266969,
      -6.139784243424367,
      -6.20726752217276,
      -6.202134828484948
    ],
    "best_mean": -5.829868316650391,
    "best_sd": 0.07038349505380746
  },
  "chosen": [
    {
      "trial": 15,
      "lcb": -6.095204925876761,
      "params": {
        "off_policy_frac": 0.4838868253733094,
        "lr": 0.00012323758306174317,
        "use_grad_decay": false,
        "n_steps": 21,
        "mc_samples": 9,
        "smc_type": "kt_r",
        "k": 0.03933067365267692,
        "random_t": false
      }
    },
    {
      "trial": 20,
      "lcb": -6.1124727623147415,
      "params": {
        "off_policy_frac": 0.38811552136116845,
        "lr": 0.00022370843331666156,
        "use_grad_decay": true,
        "grad_decay": 1.3831486067921236e-05,
        "n_steps": 35,
        "mc_samples": 7,
        "smc_type": "k_Vnograd",
        "k": 0.006373507221764429,
        "random_t": false
      }
    },
    {
      "trial": 10,
      "lcb": -6.155080116291402,
      "params": {
        "off_policy_frac": 0.4234786816035911,
        "lr": 0.00023997913275367437,
        "use_grad_decay": false,
        "n_steps": 41,
        "mc_samples": 12,
        "smc_type": "kt_r",
        "k": 0.0020767213796175255,
        "random_t": false
      }
    }
  ],
  "confirm": {
    "15": {
      "params": {
        "off_policy_frac": 0.4838868253733094,
        "lr": 0.00012323758306174317,
        "use_grad_decay": false,
        "n_steps": 21,
        "mc_samples": 9,
        "smc_type": "kt_r",
        "k": 0.03933067365267692,
        "random_t": false
      },
      "lcb_mean": -6.160757448539595,
      "lcb_sd": 0.04136353287208757,
      "lcb_values": [
        -6.139338995946211,
        -6.11526165266969,
        -6.139784243424367,
        -6.20726752217276,
        -6.202134828484948
      ],
      "best_mean": -5.829868316650391,
      "best_sd": 0.07038349505380746
    },
    "20": {
      "params": {
        "off_policy_frac": 0.38811552136116845,
        "lr": 0.00022370843331666156,
        "use_grad_decay": true,
        "grad_decay": 1.3831486067921236e-05,
        "n_steps": 35,
        "mc_samples": 7,
        "smc_type": "k_Vnograd",
        "k": 0.006373507221764429,
        "random_t": false
      },
      "lcb_mean": -6.196106484484739,
      "lcb_sd": 0.050769602260725966,
      "lcb_values": [
        -6.147516956503803,
        -6.1857858725426,
        -6.282319148162006,
        -6.18678046910785,
        -6.178129976107436
      ],
      "best_mean": -5.798788070678711,
      "best_sd": 0.1157833284108021
    },
    "10": {
      "params": {
        "off_policy_frac": 0.4234786816035911,
        "lr": 0.00023997913275367437,
        "use_grad_decay": false,
        "n_steps": 41,
        "mc_samples": 12,
        "smc_type": "kt_r",
        "k": 0.0020767213796175255,
        "random_t": false
      },
      "lcb_mean": -6.188045649610183,
      "lcb_sd": 0.06401576535044508,
      "lcb_values": [
        -6.177671663334719,
        -6.142034290030857,
        -6.200540750386392,
        -6.290762375148593,
        -6.129219169150353
      ],
      "best_mean": -5.677853584289551,
      "best_sd": 0.13644590916860203
    }
  },
  "convergence": {
    "plateau_reward": -6.110198070605596,
    "convergence_step": 999,
    "final_lcb": -6.100630312007689,
    "ckpt_dir": "checkpoints/dim_scaling_bs4/single_seed_mc_d32"
  },
  "convergence_curve": {
    "steps": [
      999,
      1999,
      2999,
      3999,
      4999,
      5999,
      6999,
      7999,
      8999,
      9999,
      10999,
      11999,
      12999,
      13999,
      14999,
      15999,
      16999,
      17999,
      18999,
      19999,
      20999,
      21999,
      22999,
      23999,
      24999,
      25999,
      26999,
      27999,
      28999,
      29999
    ],
    "val_reward": [
      -6.05122709274292,
      -6.085121154785156,
      -5.837038516998291,
      -6.125617027282715,
      -5.943066120147705,
      -6.184567928314209,
      -5.891561508178711,
      -5.982675075531006,
      -6.170958042144775,
      -6.119103908538818,
      -6.0761308670043945,
      -5.972434043884277,
      -6.065572738647461,
      -5.872491836547852,
      -6.058538436889648,
      -6.1752471923828125,
      -5.929991722106934,
      -6.0180511474609375,
      -6.150731086730957,
      -6.054978370666504,
      -6.094601154327393,
      -6.31631326675415,
      -6.103459358215332,
      -6.190384387969971,
      -6.109383583068848,
      -6.150056838989258,
      -6.137603282928467,
      -5.891505718231201,
      -5.781867980957031,
      -5.886773586273193
    ]
  },
  "elapsed_min": 47.372055109341936
}