{
  "method": "single_seed_td_lambda",
  "dim": 8,
  "loss": "quad",
  "problem": {
    "d": 8,
    "reward_scale": 0.7112103402614592,
    "target_gap": 6.0,
    "gap_empirical": 5.999999523162842,
    "bias_val": -5.999999523162842,
    "V00_analytical": -5.990199089050293,
    "mean_dist2": 14.721094131469727,
    "r_min": -32.217369079589844,
    "r_max": -0.9064987897872925
  },
  "winner_trial": 36,
  "winner": {
    "params": {
      "off_policy_frac": 0.3024416420855809,
      "lr": 0.00016440679376279169,
      "use_grad_decay": false,
      "n_steps": 24,
      "mc_samples": 2,
      "smc_type": "k_Vnograd",
      "k": 0.024351845789420744,
      "random_t": false,
      "lambda_eff": 0.8111387640200373
    },
    "lcb_mean": -7.696200546654717,
    "lcb_sd": 0.23821786131351108,
    "lcb_values": [
      -7.505814440287053,
      -7.4060231928601015,
      -7.734032490309711,
      -7.857966062346289,
      -7.977166547470426
    ],
    "best_mean": -5.768118476867675,
    "best_sd": 0.72607877610317
  },
  "chosen": [
    {
      "trial": 35,
      "lcb": -7.383007925270458,
      "params": {
        "off_policy_frac": 0.3650439600147566,
        "lr": 0.00022105381779546863,
        "use_grad_decay": false,
        "n_steps": 30,
        "mc_samples": 7,
        "smc_type": "k_Vnograd",
        "k": 0.04106360619209438,
        "random_t": true,
        "lambda_eff": 0.641537614738977
      }
    },
    {
      "trial": 36,
      "lcb": -7.924810483571897,
      "params": {
        "off_policy_frac": 0.3024416420855809,
        "lr": 0.00016440679376279169,
        "use_grad_decay": false,
        "n_steps": 24,
        "mc_samples": 2,
        "smc_type": "k_Vnograd",
        "k": 0.024351845789420744,
        "random_t": false,
        "lambda_eff": 0.8111387640200373
      }
    },
    {
      "trial": 2,
      "lcb": -8.121090089685868,
      "params": {
        "off_policy_frac": 0.34211651325607845,
        "lr": 0.00252126790477792,
        "use_grad_decay": true,
        "grad_decay": 0.00016536937182824412,
        "n_steps": 14,
        "mc_samples": 3,
        "smc_type": "k_Vnograd",
        "k": 0.0971777530505963,
        "random_t": false,
        "lambda_eff": 0.5467102793432796
      }
    }
  ],
  "confirm": {
    "35": {
      "params": {
        "off_policy_frac": 0.3650439600147566,
        "lr": 0.00022105381779546863,
        "use_grad_decay": false,
        "n_steps": 30,
        "mc_samples": 7,
        "smc_type": "k_Vnograd",
        "k": 0.04106360619209438,
        "random_t": true,
        "lambda_eff": 0.641537614738977
      },
      "lcb_mean": -8.19416952961453,
      "lcb_sd": 0.3858656929918369,
      "lcb_values": [
        -8.113803473158018,
        -8.203483392946568,
        -7.689860212210041,
        -8.772690068532896,
        -8.191010501225131
      ],
      "best_mean": -6.272328281402588,
      "best_sd": 0.45169801217126004
    },
    "36": {
      "params": {
        "off_policy_frac": 0.3024416420855809,
        "lr": 0.00016440679376279169,
        "use_grad_decay": false,
        "n_steps": 24,
        "mc_samples": 2,
        "smc_type": "k_Vnograd",
        "k": 0.024351845789420744,
        "random_t": false,
        "lambda_eff": 0.8111387640200373
      },
      "lcb_mean": -7.696200546654717,
      "lcb_sd": 0.23821786131351108,
      "lcb_values": [
        -7.505814440287053,
        -7.4060231928601015,
        -7.734032490309711,
        -7.857966062346289,
        -7.977166547470426
      ],
      "best_mean": -5.768118476867675,
      "best_sd": 0.72607877610317
    },
    "2": {
      "params": {
        "off_policy_frac": 0.34211651325607845,
        "lr": 0.00252126790477792,
        "use_grad_decay": true,
        "grad_decay": 0.00016536937182824412,
        "n_steps": 14,
        "mc_samples": 3,
        "smc_type": "k_Vnograd",
        "k": 0.0971777530505963,
        "random_t": false,
        "lambda_eff": 0.5467102793432796
      },
      "lcb_mean": -8.76511559587492,
      "lcb_sd": 1.007867543792531,
      "lcb_values": [
        -8.16962200981705,
        -8.360732826678781,
        -8.293362355307305,
        -8.442712090544937,
        -10.559148697026528
      ],
      "best_mean": -6.988775444030762,
      "best_sd": 0.35736349966767855
    }
  },
  "convergence": {
    "plateau_reward": -6.466536780198415,
    "convergence_step": 21999,
    "final_lcb": -6.934162434588291,
    "ckpt_dir": "checkpoints/dim_scaling_bs4/single_seed_td_lambda_d8"
  },
  "convergence_curve": {
    "steps": [
      999,
      1999,
      2999,
      3999,
      4999,
      5999,
      6999,
      7999,
      8999,
      9999,
      10999,
      11999,
      12999,
      13999,
      14999,
      15999,
      16999,
      17999,
      18999,
      19999,
      20999,
      21999,
      22999,
      23999,
      24999,
      25999,
      26999,
      27999,
      28999,
      29999
    ],
    "val_reward": [
      -8.445069313049316,
      -7.709301948547363,
      -7.035715103149414,
      -8.324895858764648,
      -7.263899803161621,
      -7.451337814331055,
      -7.640992641448975,
      -6.281216621398926,
      -7.336913108825684,
      -7.322034358978271,
      -7.518088340759277,
      -6.83495569229126,
      -6.114595413208008,
      -8.729990005493164,
      -7.594522953033447,
      -6.324539661407471,
      -7.231701850891113,
      -5.603866100311279,
      -6.865206241607666,
      -6.488339424133301,
      -7.423573493957519,
      -6.219062805175781,
      -6.774124622344971,
      -6.512421607971191,
      -5.658633232116699,
      -6.273505687713623,
      -7.443135738372803,
      -6.561511516571045,
      -5.298469066619873,
      -5.712239742279053
    ]
  },
  "elapsed_min": 55.0019126534462
}