{
  "method": "single_seed_td_lambda",
  "dim": 128,
  "loss": "quad",
  "problem": {
    "d": 128,
    "reward_scale": 0.023858570493757728,
    "target_gap": 6.0,
    "gap_empirical": 6.0,
    "bias_val": -6.0,
    "V00_analytical": -5.999350547790527,
    "mean_dist2": 258.8410949707031,
    "r_min": -9.135849952697754,
    "r_max": -3.991947889328003
  },
  "winner_trial": 9,
  "winner": {
    "params": {
      "off_policy_frac": 0.45413294298332685,
      "lr": 0.00011336695817840542,
      "use_grad_decay": true,
      "grad_decay": 1.6066267921727703e-05,
      "n_steps": 24,
      "mc_samples": 1,
      "smc_type": "k_Vema",
      "k": 0.19268985325226207,
      "ema_decay": 0.9235261168552475,
      "random_t": true,
      "lambda_eff": 0.6323058305935795
    },
    "lcb_mean": -6.061842071838953,
    "lcb_sd": 0.046690098323108074,
    "lcb_values": [
      -6.072814892581385,
      -6.079539378874607,
      -5.981709407212141,
      -6.104017539311609,
      -6.071129141215026
    ],
    "best_mean": -5.5655067443847654,
    "best_sd": 0.1594163435981443
  },
  "chosen": [
    {
      "trial": 19,
      "lcb": -6.04215482482706,
      "params": {
        "off_policy_frac": 0.48502702202637904,
        "lr": 0.00015608651642165256,
        "use_grad_decay": true,
        "grad_decay": 4.806678934902541e-05,
        "n_steps": 12,
        "mc_samples": 1,
        "smc_type": "kt_r",
        "k": 0.17446353312160354,
        "random_t": true,
        "lambda_eff": 0.9317246465651697
      }
    },
    {
      "trial": 9,
      "lcb": -6.056667980022817,
      "params": {
        "off_policy_frac": 0.45413294298332685,
        "lr": 0.00011336695817840542,
        "use_grad_decay": true,
        "grad_decay": 1.6066267921727703e-05,
        "n_steps": 24,
        "mc_samples": 1,
        "smc_type": "k_Vema",
        "k": 0.19268985325226207,
        "ema_decay": 0.9235261168552475,
        "random_t": true,
        "lambda_eff": 0.6323058305935795
      }
    },
    {
      "trial": 36,
      "lcb": -6.080408857999108,
      "params": {
        "off_policy_frac": 0.47234437678917796,
        "lr": 0.0001654876744690721,
        "use_grad_decay": true,
        "grad_decay": 4.900439680998283e-05,
        "n_steps": 14,
        "mc_samples": 1,
        "smc_type": "kt_r",
        "k": 0.10894049055799537,
        "random_t": true,
        "lambda_eff": 0.9266488722544587
      }
    }
  ],
  "confirm": {
    "19": {
      "params": {
        "off_policy_frac": 0.48502702202637904,
        "lr": 0.00015608651642165256,
        "use_grad_decay": true,
        "grad_decay": 4.806678934902541e-05,
        "n_steps": 12,
        "mc_samples": 1,
        "smc_type": "kt_r",
        "k": 0.17446353312160354,
        "random_t": true,
        "lambda_eff": 0.9317246465651697
      },
      "lcb_mean": -6.087599874989895,
      "lcb_sd": 0.016430616304445728,
      "lcb_values": [
        -6.1116376554426015,
        -6.075777670085487,
        -6.07178648133738,
        -6.09667015338747,
        -6.082127414696533
      ],
      "best_mean": -5.667286205291748,
      "best_sd": 0.33038919193133065
    },
    "9": {
      "params": {
        "off_policy_frac": 0.45413294298332685,
        "lr": 0.00011336695817840542,
        "use_grad_decay": true,
        "grad_decay": 1.6066267921727703e-05,
        "n_steps": 24,
        "mc_samples": 1,
        "smc_type": "k_Vema",
        "k": 0.19268985325226207,
        "ema_decay": 0.9235261168552475,
        "random_t": true,
        "lambda_eff": 0.6323058305935795
      },
      "lcb_mean": -6.061842071838953,
      "lcb_sd": 0.046690098323108074,
      "lcb_values": [
        -6.072814892581385,
        -6.079539378874607,
        -5.981709407212141,
        -6.104017539311609,
        -6.071129141215026
      ],
      "best_mean": -5.5655067443847654,
      "best_sd": 0.1594163435981443
    },
    "36": {
      "params": {
        "off_policy_frac": 0.47234437678917796,
        "lr": 0.0001654876744690721,
        "use_grad_decay": true,
        "grad_decay": 4.900439680998283e-05,
        "n_steps": 14,
        "mc_samples": 1,
        "smc_type": "kt_r",
        "k": 0.10894049055799537,
        "random_t": true,
        "lambda_eff": 0.9266488722544587
      },
      "lcb_mean": -6.083656438173021,
      "lcb_sd": 0.013960127097232726,
      "lcb_values": [
        -6.0766575692286535,
        -6.065354121764456,
        -6.0985708834400745,
        -6.096569872316542,
        -6.081129744115378
      ],
      "best_mean": -5.478277111053467,
      "best_sd": 0.3470947658405835
    }
  },
  "convergence": {
    "plateau_reward": -6.089085270961125,
    "convergence_step": 999,
    "final_lcb": -6.09163760803932,
    "ckpt_dir": "checkpoints/dim_scaling_bs4/single_seed_td_lambda_d128"
  },
  "convergence_curve": {
    "steps": [
      999,
      1999,
      2999,
      3999,
      4999,
      5999,
      6999,
      7999,
      8999,
      9999,
      10999,
      11999,
      12999,
      13999,
      14999,
      15999,
      16999,
      17999,
      18999,
      19999,
      20999,
      21999,
      22999,
      23999,
      24999,
      25999,
      26999,
      27999,
      28999,
      29999
    ],
    "val_reward": [
      -6.027504920959473,
      -6.007933616638184,
      -6.14628791809082,
      -6.01036262512207,
      -6.094821929931641,
      -6.090664386749268,
      -6.055744647979736,
      -6.117862224578857,
      -6.049212455749512,
      -6.13284969329834,
      -6.067172527313232,
      -6.097412109375,
      -6.000414848327637,
      -6.070582389831543,
      -6.11116361618042,
      -6.091033935546875,
      -6.056639671325684,
      -6.024073600769043,
      -6.103240966796875,
      -6.10145378112793,
      -6.127646446228027,
      -6.040549278259277,
      -6.107656955718994,
      -6.061748504638672,
      -6.099461555480957,
      -6.146928310394287,
      -6.064739227294922,
      -6.07963228225708,
      -6.082810401916504,
      -6.016525745391846
    ]
  },
  "elapsed_min": 46.59064370393753
}