{
  "method": "single_seed_td_lambda",
  "dim": 2,
  "loss": "quad",
  "problem": {
    "d": 2,
    "reward_scale": 26.154015541076664,
    "target_gap": 6.0,
    "gap_empirical": 6.0,
    "bias_val": -6.0,
    "V00_analytical": -6.015334606170654,
    "mean_dist2": 4.861281871795654,
    "r_min": -756.6959228515625,
    "r_max": -8.478089876007289e-05
  },
  "winner_trial": 34,
  "winner": {
    "params": {
      "off_policy_frac": 0.23926665403052988,
      "lr": 0.0001855490325401732,
      "use_grad_decay": true,
      "grad_decay": 1.0579432498084594e-05,
      "n_steps": 13,
      "mc_samples": 13,
      "smc_type": "k_Vnograd",
      "k": 0.4322148245549684,
      "random_t": true,
      "lambda_eff": 0.46090049792092674
    },
    "lcb_mean": -69.21058964552901,
    "lcb_sd": 13.52635747675203,
    "lcb_values": [
      -53.684651870750656,
      -84.15924396648798,
      -77.44006642650506,
      -74.61298302948865,
      -56.15600293441276
    ],
    "best_mean": -28.774124145507812,
    "best_sd": 2.635742444427695
  },
  "chosen": [
    {
      "trial": 34,
      "lcb": -52.53355611981578,
      "params": {
        "off_policy_frac": 0.23926665403052988,
        "lr": 0.0001855490325401732,
        "use_grad_decay": true,
        "grad_decay": 1.0579432498084594e-05,
        "n_steps": 13,
        "mc_samples": 13,
        "smc_type": "k_Vnograd",
        "k": 0.4322148245549684,
        "random_t": true,
        "lambda_eff": 0.46090049792092674
      }
    },
    {
      "trial": 26,
      "lcb": -58.12280661992851,
      "params": {
        "off_policy_frac": 0.19056764578803784,
        "lr": 0.0001475969286802643,
        "use_grad_decay": true,
        "grad_decay": 0.00012000726500059271,
        "n_steps": 13,
        "mc_samples": 16,
        "smc_type": "k_r",
        "k": 0.3501118594115006,
        "random_t": true,
        "lambda_eff": 0.3977227809388928
      }
    },
    {
      "trial": 29,
      "lcb": -60.14421332959051,
      "params": {
        "off_policy_frac": 0.2839695843711717,
        "lr": 0.00023129127025169494,
        "use_grad_decay": true,
        "grad_decay": 1.0129455209150772e-05,
        "n_steps": 16,
        "mc_samples": 15,
        "smc_type": "k_r",
        "k": 0.035032836630228055,
        "random_t": true,
        "lambda_eff": 0.5142151382733307
      }
    }
  ],
  "confirm": {
    "34": {
      "params": {
        "off_policy_frac": 0.23926665403052988,
        "lr": 0.0001855490325401732,
        "use_grad_decay": true,
        "grad_decay": 1.0579432498084594e-05,
        "n_steps": 13,
        "mc_samples": 13,
        "smc_type": "k_Vnograd",
        "k": 0.4322148245549684,
        "random_t": true,
        "lambda_eff": 0.46090049792092674
      },
      "lcb_mean": -69.21058964552901,
      "lcb_sd": 13.52635747675203,
      "lcb_values": [
        -53.684651870750656,
        -84.15924396648798,
        -77.44006642650506,
        -74.61298302948865,
        -56.15600293441276
      ],
      "best_mean": -28.774124145507812,
      "best_sd": 2.635742444427695
    },
    "26": {
      "params": {
        "off_policy_frac": 0.19056764578803784,
        "lr": 0.0001475969286802643,
        "use_grad_decay": true,
        "grad_decay": 0.00012000726500059271,
        "n_steps": 13,
        "mc_samples": 16,
        "smc_type": "k_r",
        "k": 0.3501118594115006,
        "random_t": true,
        "lambda_eff": 0.3977227809388928
      },
      "lcb_mean": -93.09568572885723,
      "lcb_sd": 17.509338114786214,
      "lcb_values": [
        -101.4243781144886,
        -103.39472352017711,
        -62.86232131276512,
        -93.004917707466,
        -104.7920879893893
      ],
      "best_mean": -34.998379135131835,
      "best_sd": 5.182756012594348
    },
    "29": {
      "params": {
        "off_policy_frac": 0.2839695843711717,
        "lr": 0.00023129127025169494,
        "use_grad_decay": true,
        "grad_decay": 1.0129455209150772e-05,
        "n_steps": 16,
        "mc_samples": 15,
        "smc_type": "k_r",
        "k": 0.035032836630228055,
        "random_t": true,
        "lambda_eff": 0.5142151382733307
      },
      "lcb_mean": -89.69204000198872,
      "lcb_sd": 15.78630839427958,
      "lcb_values": [
        -78.2625640706723,
        -89.09592988034649,
        -85.66625826241417,
        -116.70208247202946,
        -78.73336532448116
      ],
      "best_mean": -34.84603157043457,
      "best_sd": 7.356453102583844
    }
  },
  "convergence": {
    "plateau_reward": -32.10548835992813,
    "convergence_step": 22999,
    "final_lcb": -43.52636618632375,
    "ckpt_dir": "checkpoints/dim_scaling_bs4/single_seed_td_lambda_d2"
  },
  "convergence_curve": {
    "steps": [
      999,
      1999,
      2999,
      3999,
      4999,
      5999,
      6999,
      7999,
      8999,
      9999,
      10999,
      11999,
      12999,
      13999,
      14999,
      15999,
      16999,
      17999,
      18999,
      19999,
      20999,
      21999,
      22999,
      23999,
      24999,
      25999,
      26999,
      27999,
      28999,
      29999
    ],
    "val_reward": [
      -89.34233093261719,
      -71.89791870117188,
      -25.760448455810547,
      -41.05458068847656,
      -66.63407897949219,
      -22.85326385498047,
      -53.15178680419922,
      -43.619659423828125,
      -39.4407958984375,
      -41.702423095703125,
      -82.33354949951172,
      -50.49016571044922,
      -66.29224395751953,
      -31.09238052368164,
      -47.12911224365234,
      -55.59399032592773,
      -34.174171447753906,
      -51.30228042602539,
      -17.184778213500977,
      -42.736305236816406,
      -32.217247009277344,
      -19.01456451416016,
      -42.38932037353516,
      -28.183067321777344,
      -41.408180236816406,
      -26.10713195800781,
      -42.587432861328125,
      -17.005878448486328,
      -33.06645965576172,
      -13.321524620056152
    ]
  },
  "elapsed_min": 23.934179445107777
}