{
  "method": "single_seed_mc",
  "dim": 128,
  "loss": "quad",
  "problem": {
    "d": 128,
    "reward_scale": 0.023858570493757728,
    "target_gap": 6.0,
    "gap_empirical": 6.0,
    "bias_val": -6.0,
    "V00_analytical": -5.999350547790527,
    "mean_dist2": 258.8410949707031,
    "r_min": -9.135849952697754,
    "r_max": -3.991947889328003
  },
  "winner_trial": 37,
  "winner": {
    "params": {
      "off_policy_frac": 0.4100423185069459,
      "lr": 0.00011456287450951713,
      "use_grad_decay": false,
      "n_steps": 49,
      "mc_samples": 2,
      "smc_type": "k_Vnograd",
      "k": 0.0021874667134821205,
      "random_t": false
    },
    "lcb_mean": -6.060780342501468,
    "lcb_sd": 0.00839428684361457,
    "lcb_values": [
      -6.052138755730599,
      -6.061684222604268,
      -6.052982589751039,
      -6.072075251513225,
      -6.065020892908212
    ],
    "best_mean": -5.552872371673584,
    "best_sd": 0.3078595943528416
  },
  "chosen": [
    {
      "trial": 34,
      "lcb": -6.037135208929059,
      "params": {
        "off_policy_frac": 0.331592430743635,
        "lr": 0.0001747048214326877,
        "use_grad_decay": false,
        "n_steps": 37,
        "mc_samples": 2,
        "smc_type": "k_Vnograd",
        "k": 0.005301802819485953,
        "random_t": true
      }
    },
    {
      "trial": 24,
      "lcb": -6.062344017373252,
      "params": {
        "off_policy_frac": 0.3245998643028376,
        "lr": 0.0001179164711490301,
        "use_grad_decay": true,
        "grad_decay": 8.634313431067899e-05,
        "n_steps": 52,
        "mc_samples": 9,
        "smc_type": "k_Vema",
        "k": 0.05665907512928586,
        "ema_decay": 0.9206942240510763,
        "random_t": true
      }
    },
    {
      "trial": 37,
      "lcb": -6.063430795104008,
      "params": {
        "off_policy_frac": 0.4100423185069459,
        "lr": 0.00011456287450951713,
        "use_grad_decay": false,
        "n_steps": 49,
        "mc_samples": 2,
        "smc_type": "k_Vnograd",
        "k": 0.0021874667134821205,
        "random_t": false
      }
    }
  ],
  "confirm": {
    "34": {
      "params": {
        "off_policy_frac": 0.331592430743635,
        "lr": 0.0001747048214326877,
        "use_grad_decay": false,
        "n_steps": 37,
        "mc_samples": 2,
        "smc_type": "k_Vnograd",
        "k": 0.005301802819485953,
        "random_t": true
      },
      "lcb_mean": -6.0812942631480915,
      "lcb_sd": 0.017788545143096014,
      "lcb_values": [
        -6.089821661800831,
        -6.102198935397133,
        -6.058143877453084,
        -6.0881618510226385,
        -6.0681449900667745
      ],
      "best_mean": -5.717125034332275,
      "best_sd": 0.23843688421750764
    },
    "24": {
      "params": {
        "off_policy_frac": 0.3245998643028376,
        "lr": 0.0001179164711490301,
        "use_grad_decay": true,
        "grad_decay": 8.634313431067899e-05,
        "n_steps": 52,
        "mc_samples": 9,
        "smc_type": "k_Vema",
        "k": 0.05665907512928586,
        "ema_decay": 0.9206942240510763,
        "random_t": true
      },
      "lcb_mean": -6.088930039366633,
      "lcb_sd": 0.026850382945941904,
      "lcb_values": [
        -6.1051180340462015,
        -6.1047122783858745,
        -6.1057931059894255,
        -6.085678612935976,
        -6.043348165475688
      ],
      "best_mean": -5.632895565032959,
      "best_sd": 0.2545045386871324
    },
    "37": {
      "params": {
        "off_policy_frac": 0.4100423185069459,
        "lr": 0.00011456287450951713,
        "use_grad_decay": false,
        "n_steps": 49,
        "mc_samples": 2,
        "smc_type": "k_Vnograd",
        "k": 0.0021874667134821205,
        "random_t": false
      },
      "lcb_mean": -6.060780342501468,
      "lcb_sd": 0.00839428684361457,
      "lcb_values": [
        -6.052138755730599,
        -6.061684222604268,
        -6.052982589751039,
        -6.072075251513225,
        -6.065020892908212
      ],
      "best_mean": -5.552872371673584,
      "best_sd": 0.3078595943528416
    }
  },
  "convergence": {
    "plateau_reward": -6.07828105489413,
    "convergence_step": 999,
    "final_lcb": -6.086967887782542,
    "ckpt_dir": "checkpoints/dim_scaling_bs4/single_seed_mc_d128"
  },
  "convergence_curve": {
    "steps": [
      999,
      1999,
      2999,
      3999,
      4999,
      5999,
      6999,
      7999,
      8999,
      9999,
      10999,
      11999,
      12999,
      13999,
      14999,
      15999,
      16999,
      17999,
      18999,
      19999,
      20999,
      21999,
      22999,
      23999,
      24999,
      25999,
      26999,
      27999,
      28999,
      29999
    ],
    "val_reward": [
      -5.962640285491943,
      -5.987084865570068,
      -6.049001693725586,
      -6.091458320617676,
      -6.025521278381348,
      -6.100995063781738,
      -6.13346004486084,
      -6.084243774414063,
      -6.064379692077637,
      -6.111932754516602,
      -6.118735313415527,
      -6.082695007324219,
      -6.050287246704102,
      -6.057931900024414,
      -6.056007385253906,
      -6.065228462219238,
      -6.06500244140625,
      -6.025432586669922,
      -6.125214099884033,
      -6.053357124328613,
      -6.072144031524658,
      -6.15675163269043,
      -6.038259029388428,
      -6.099091053009033,
      -6.066066741943359,
      -6.053057670593262,
      -6.064212799072266,
      -6.074092864990234,
      -6.113249778747559,
      -6.05780553817749
    ]
  },
  "elapsed_min": 51.01411941051483
}