{
  "method": "single_seed_mc",
  "dim": 8,
  "loss": "quad",
  "problem": {
    "d": 8,
    "reward_scale": 0.7112103402614592,
    "target_gap": 6.0,
    "gap_empirical": 5.999999523162842,
    "bias_val": -5.999999523162842,
    "V00_analytical": -5.990199089050293,
    "mean_dist2": 14.721094131469727,
    "r_min": -32.217369079589844,
    "r_max": -0.9064987897872925
  },
  "winner_trial": 19,
  "winner": {
    "params": {
      "off_policy_frac": 0.40025631779585435,
      "lr": 0.00013468933846254438,
      "use_grad_decay": false,
      "n_steps": 24,
      "mc_samples": 24,
      "smc_type": "kt_r",
      "k": 0.002120319567717695,
      "random_t": false
    },
    "lcb_mean": -7.803225148418882,
    "lcb_sd": 0.34434054905633876,
    "lcb_values": [
      -7.853180048994293,
      -7.497655996641275,
      -8.053479892580988,
      -8.203253525413704,
      -7.408556278464149
    ],
    "best_mean": -6.2872340202331545,
    "best_sd": 0.20138958917106156
  },
  "chosen": [
    {
      "trial": 2,
      "lcb": -7.005983160088883,
      "params": {
        "off_policy_frac": 0.15230688458668534,
        "lr": 0.00012476394272569445,
        "use_grad_decay": false,
        "n_steps": 51,
        "mc_samples": 1,
        "smc_type": "kt_r",
        "k": 0.5345166110646817,
        "random_t": false
      }
    },
    {
      "trial": 19,
      "lcb": -7.542217184945348,
      "params": {
        "off_policy_frac": 0.40025631779585435,
        "lr": 0.00013468933846254438,
        "use_grad_decay": false,
        "n_steps": 24,
        "mc_samples": 24,
        "smc_type": "kt_r",
        "k": 0.002120319567717695,
        "random_t": false
      }
    },
    {
      "trial": 3,
      "lcb": -8.279873540403756,
      "params": {
        "off_policy_frac": 0.4847923138822793,
        "lr": 0.00028869220380495745,
        "use_grad_decay": false,
        "n_steps": 19,
        "mc_samples": 10,
        "smc_type": "kt_r",
        "k": 0.0038721180321745824,
        "random_t": false
      }
    }
  ],
  "confirm": {
    "2": {
      "params": {
        "off_policy_frac": 0.15230688458668534,
        "lr": 0.00012476394272569445,
        "use_grad_decay": false,
        "n_steps": 51,
        "mc_samples": 1,
        "smc_type": "kt_r",
        "k": 0.5345166110646817,
        "random_t": false
      },
      "lcb_mean": -7.894130749760038,
      "lcb_sd": 0.48083055271367325,
      "lcb_values": [
        -7.450604420434254,
        -7.664332979986311,
        -8.000513695960366,
        -8.679219206286673,
        -7.675983446132587
      ],
      "best_mean": -5.943287086486817,
      "best_sd": 0.5950192606272741
    },
    "19": {
      "params": {
        "off_policy_frac": 0.40025631779585435,
        "lr": 0.00013468933846254438,
        "use_grad_decay": false,
        "n_steps": 24,
        "mc_samples": 24,
        "smc_type": "kt_r",
        "k": 0.002120319567717695,
        "random_t": false
      },
      "lcb_mean": -7.803225148418882,
      "lcb_sd": 0.34434054905633876,
      "lcb_values": [
        -7.853180048994293,
        -7.497655996641275,
        -8.053479892580988,
        -8.203253525413704,
        -7.408556278464149
      ],
      "best_mean": -6.2872340202331545,
      "best_sd": 0.20138958917106156
    },
    "3": {
      "params": {
        "off_policy_frac": 0.4847923138822793,
        "lr": 0.00028869220380495745,
        "use_grad_decay": false,
        "n_steps": 19,
        "mc_samples": 10,
        "smc_type": "kt_r",
        "k": 0.0038721180321745824,
        "random_t": false
      },
      "lcb_mean": -8.199539422530984,
      "lcb_sd": 0.3554249645798745,
      "lcb_values": [
        -8.136600470883609,
        -8.751015175161386,
        -8.213490597352083,
        -7.760174348330856,
        -8.13641652092699
      ],
      "best_mean": -6.6550469398498535,
      "best_sd": 0.3301771289593198
    }
  },
  "convergence": {
    "plateau_reward": -6.44069563349088,
    "convergence_step": 23999,
    "final_lcb": -6.963075551548757,
    "ckpt_dir": "checkpoints/dim_scaling_bs4/single_seed_mc_d8"
  },
  "convergence_curve": {
    "steps": [
      999,
      1999,
      2999,
      3999,
      4999,
      5999,
      6999,
      7999,
      8999,
      9999,
      10999,
      11999,
      12999,
      13999,
      14999,
      15999,
      16999,
      17999,
      18999,
      19999,
      20999,
      21999,
      22999,
      23999,
      24999,
      25999,
      26999,
      27999,
      28999,
      29999
    ],
    "val_reward": [
      -8.348123550415039,
      -7.401187896728516,
      -7.331565856933594,
      -7.85265588760376,
      -6.220808506011963,
      -8.106782913208008,
      -7.298659324645996,
      -7.400983810424805,
      -8.887197494506836,
      -6.833260536193848,
      -7.293420791625977,
      -7.41469669342041,
      -7.195311546325684,
      -7.593235015869141,
      -6.955625057220459,
      -8.134271621704102,
      -6.317721366882324,
      -6.71412467956543,
      -6.826132297515869,
      -6.895712852478027,
      -6.146338939666748,
      -6.795961380004883,
      -6.361154556274414,
      -5.835268020629883,
      -6.188199996948242,
      -6.765475273132324,
      -7.031942844390869,
      -5.630434036254883,
      -6.905178546905518,
      -6.570157527923584
    ]
  },
  "elapsed_min": 43.782850325107574
}