{
  "method": "single_seed_td_lambda",
  "dim": 32,
  "loss": "quad",
  "problem": {
    "d": 32,
    "reward_scale": 0.10642685368657114,
    "target_gap": 6.0,
    "gap_empirical": 6.0,
    "bias_val": -6.0,
    "V00_analytical": -6.002215385437012,
    "mean_dist2": 63.69141387939453,
    "r_min": -12.939617156982422,
    "r_max": -2.8226382732391357
  },
  "winner_trial": 19,
  "winner": {
    "params": {
      "off_policy_frac": 0.21579705778516367,
      "lr": 0.00016303460055939716,
      "use_grad_decay": false,
      "n_steps": 17,
      "mc_samples": 3,
      "smc_type": "kV_plus_ltr",
      "k": 0.6239194543150096,
      "l": 0.043103016522398806,
      "random_t": false,
      "lambda_eff": 0.6230393586836867
    },
    "lcb_mean": -6.182286920638863,
    "lcb_sd": 0.05009161811719388,
    "lcb_values": [
      -6.247659307559709,
      -6.17671510813241,
      -6.166234444978252,
      -6.11288679048026,
      -6.207938952043682
    ],
    "best_mean": -5.7185203552246096,
    "best_sd": 0.10838754070607619
  },
  "chosen": [
    {
      "trial": 19,
      "lcb": -6.0964131393157155,
      "params": {
        "off_policy_frac": 0.21579705778516367,
        "lr": 0.00016303460055939716,
        "use_grad_decay": false,
        "n_steps": 17,
        "mc_samples": 3,
        "smc_type": "kV_plus_ltr",
        "k": 0.6239194543150096,
        "l": 0.043103016522398806,
        "random_t": false,
        "lambda_eff": 0.6230393586836867
      }
    },
    {
      "trial": 23,
      "lcb": -6.168137482334011,
      "params": {
        "off_policy_frac": 0.3728125320565935,
        "lr": 0.0004334354370517114,
        "use_grad_decay": false,
        "n_steps": 30,
        "mc_samples": 6,
        "smc_type": "k_r",
        "k": 0.029777094030185424,
        "random_t": true,
        "lambda_eff": 0.5511197476696057
      }
    },
    {
      "trial": 5,
      "lcb": -6.1720372635770815,
      "params": {
        "off_policy_frac": 0.36480308916903204,
        "lr": 0.0003081601704446808,
        "use_grad_decay": false,
        "n_steps": 26,
        "mc_samples": 6,
        "smc_type": "kt_r",
        "k": 0.0482871521617921,
        "random_t": true,
        "lambda_eff": 0.5227328293819941
      }
    }
  ],
  "confirm": {
    "19": {
      "params": {
        "off_policy_frac": 0.21579705778516367,
        "lr": 0.00016303460055939716,
        "use_grad_decay": false,
        "n_steps": 17,
        "mc_samples": 3,
        "smc_type": "kV_plus_ltr",
        "k": 0.6239194543150096,
        "l": 0.043103016522398806,
        "random_t": false,
        "lambda_eff": 0.6230393586836867
      },
      "lcb_mean": -6.182286920638863,
      "lcb_sd": 0.05009161811719388,
      "lcb_values": [
        -6.247659307559709,
        -6.17671510813241,
        -6.166234444978252,
        -6.11288679048026,
        -6.207938952043682
      ],
      "best_mean": -5.7185203552246096,
      "best_sd": 0.10838754070607619
    },
    "23": {
      "params": {
        "off_policy_frac": 0.3728125320565935,
        "lr": 0.0004334354370517114,
        "use_grad_decay": false,
        "n_steps": 30,
        "mc_samples": 6,
        "smc_type": "k_r",
        "k": 0.029777094030185424,
        "random_t": true,
        "lambda_eff": 0.5511197476696057
      },
      "lcb_mean": -6.257143055068903,
      "lcb_sd": 0.038865608088306185,
      "lcb_values": [
        -6.298088203107407,
        -6.207473548091159,
        -6.244910043467258,
        -6.239969212117247,
        -6.295274268561447
      ],
      "best_mean": -5.830685615539551,
      "best_sd": 0.07972462571689093
    },
    "5": {
      "params": {
        "off_policy_frac": 0.36480308916903204,
        "lr": 0.0003081601704446808,
        "use_grad_decay": false,
        "n_steps": 26,
        "mc_samples": 6,
        "smc_type": "kt_r",
        "k": 0.0482871521617921,
        "random_t": true,
        "lambda_eff": 0.5227328293819941
      },
      "lcb_mean": -6.246850577287315,
      "lcb_sd": 0.03140919822084031,
      "lcb_values": [
        -6.265148537448419,
        -6.235377948105875,
        -6.200827952060096,
        -6.2492239755864425,
        -6.283674473235743
      ],
      "best_mean": -5.8311444282531735,
      "best_sd": 0.13333576942912712
    }
  },
  "convergence": {
    "plateau_reward": -6.1416522065798445,
    "convergence_step": 19999,
    "final_lcb": -6.211865184138994,
    "ckpt_dir": "checkpoints/dim_scaling_bs4/single_seed_td_lambda_d32"
  },
  "convergence_curve": {
    "steps": [
      999,
      1999,
      2999,
      3999,
      4999,
      5999,
      6999,
      7999,
      8999,
      9999,
      10999,
      11999,
      12999,
      13999,
      14999,
      15999,
      16999,
      17999,
      18999,
      19999,
      20999,
      21999,
      22999,
      23999,
      24999,
      25999,
      26999,
      27999,
      28999,
      29999
    ],
    "val_reward": [
      -6.07195520401001,
      -5.863062381744385,
      -6.07688045501709,
      -6.4271674156188965,
      -6.165072441101074,
      -6.245364665985107,
      -5.981563091278076,
      -5.831772327423096,
      -6.354458808898926,
      -6.433733940124512,
      -6.021151542663574,
      -6.585641860961914,
      -6.162591934204102,
      -6.054409980773926,
      -6.242631912231445,
      -6.178497314453125,
      -6.082744598388672,
      -6.206558227539063,
      -6.164030075073242,
      -6.109108924865723,
      -6.163089752197266,
      -6.080400943756104,
      -6.066027641296387,
      -6.257800579071045,
      -6.045661449432373,
      -6.1118669509887695,
      -6.364479064941406,
      -6.079713344573975,
      -6.117211818695068,
      -6.175244331359863
    ]
  },
  "elapsed_min": 52.412138879299164
}