{
  "method": "single_seed_mc",
  "dim": 2,
  "loss": "quad",
  "problem": {
    "d": 2,
    "reward_scale": 26.154015541076664,
    "target_gap": 6.0,
    "gap_empirical": 6.0,
    "bias_val": -6.0,
    "V00_analytical": -6.015334606170654,
    "mean_dist2": 4.861281871795654,
    "r_min": -756.6959228515625,
    "r_max": -8.478089876007289e-05
  },
  "winner_trial": 18,
  "winner": {
    "params": {
      "off_policy_frac": 0.29208430563892235,
      "lr": 0.00027248775318896304,
      "use_grad_decay": false,
      "n_steps": 58,
      "mc_samples": 2,
      "smc_type": "kt_r",
      "k": 0.032644439795285606,
      "random_t": false
    },
    "lcb_mean": -90.86306993309304,
    "lcb_sd": 16.930666027632974,
    "lcb_values": [
      -81.63121002187174,
      -91.84477834591226,
      -69.94695540162898,
      -115.38550462301772,
      -95.50690127303454
    ],
    "best_mean": -46.80813446044922,
    "best_sd": 14.069055701664926
  },
  "chosen": [
    {
      "trial": 18,
      "lcb": -67.86561124565512,
      "params": {
        "off_policy_frac": 0.29208430563892235,
        "lr": 0.00027248775318896304,
        "use_grad_decay": false,
        "n_steps": 58,
        "mc_samples": 2,
        "smc_type": "kt_r",
        "k": 0.032644439795285606,
        "random_t": false
      }
    },
    {
      "trial": 2,
      "lcb": -84.15891014476449,
      "params": {
        "off_policy_frac": 0.15230688458668534,
        "lr": 0.00012476394272569445,
        "use_grad_decay": false,
        "n_steps": 51,
        "mc_samples": 1,
        "smc_type": "kt_r",
        "k": 0.5345166110646817,
        "random_t": false
      }
    },
    {
      "trial": 25,
      "lcb": -88.44789610900494,
      "params": {
        "off_policy_frac": 0.2427621157711015,
        "lr": 0.00020670821776431358,
        "use_grad_decay": false,
        "n_steps": 60,
        "mc_samples": 3,
        "smc_type": "kt_r",
        "k": 0.00947639919191457,
        "random_t": true
      }
    }
  ],
  "confirm": {
    "18": {
      "params": {
        "off_policy_frac": 0.29208430563892235,
        "lr": 0.00027248775318896304,
        "use_grad_decay": false,
        "n_steps": 58,
        "mc_samples": 2,
        "smc_type": "kt_r",
        "k": 0.032644439795285606,
        "random_t": false
      },
      "lcb_mean": -90.86306993309304,
      "lcb_sd": 16.930666027632974,
      "lcb_values": [
        -81.63121002187174,
        -91.84477834591226,
        -69.94695540162898,
        -115.38550462301772,
        -95.50690127303454
      ],
      "best_mean": -46.80813446044922,
      "best_sd": 14.069055701664926
    },
    "2": {
      "params": {
        "off_policy_frac": 0.15230688458668534,
        "lr": 0.00012476394272569445,
        "use_grad_decay": false,
        "n_steps": 51,
        "mc_samples": 1,
        "smc_type": "kt_r",
        "k": 0.5345166110646817,
        "random_t": false
      },
      "lcb_mean": -93.85131053262019,
      "lcb_sd": 12.801257730745256,
      "lcb_values": [
        -101.46631725739184,
        -96.98916402441904,
        -108.1699612693815,
        -87.16107711727076,
        -75.4700329946378
      ],
      "best_mean": -46.953591918945314,
      "best_sd": 6.419176454165
    },
    "25": {
      "params": {
        "off_policy_frac": 0.2427621157711015,
        "lr": 0.00020670821776431358,
        "use_grad_decay": false,
        "n_steps": 60,
        "mc_samples": 3,
        "smc_type": "kt_r",
        "k": 0.00947639919191457,
        "random_t": true
      },
      "lcb_mean": -99.00321066674799,
      "lcb_sd": 15.863156843391543,
      "lcb_values": [
        -121.53042014722641,
        -83.98678853035436,
        -86.40804594657881,
        -94.4030167545294,
        -108.68778195505101
      ],
      "best_mean": -47.37049026489258,
      "best_sd": 12.233442842726435
    }
  },
  "convergence": {
    "plateau_reward": -46.00706799825033,
    "convergence_step": 19999,
    "final_lcb": -65.0934446909327,
    "ckpt_dir": "checkpoints/dim_scaling_bs4/single_seed_mc_d2"
  },
  "convergence_curve": {
    "steps": [
      999,
      1999,
      2999,
      3999,
      4999,
      5999,
      6999,
      7999,
      8999,
      9999,
      10999,
      11999,
      12999,
      13999,
      14999,
      15999,
      16999,
      17999,
      18999,
      19999,
      20999,
      21999,
      22999,
      23999,
      24999,
      25999,
      26999,
      27999,
      28999,
      29999
    ],
    "val_reward": [
      -57.39793395996094,
      -69.294189453125,
      -102.9089813232422,
      -70.61582946777344,
      -105.02959442138672,
      -86.53369140625,
      -120.53054809570312,
      -112.39778137207033,
      -56.56322479248047,
      -117.10122680664062,
      -109.00680541992188,
      -95.4257583618164,
      -87.57170104980469,
      -46.43921661376953,
      -57.19404602050781,
      -34.63233947753906,
      -39.71484756469727,
      -99.69728088378906,
      -22.22885131835937,
      -19.22744369506836,
      -59.21424865722656,
      -28.396713256835938,
      -47.25148010253906,
      -36.44573211669922,
      -55.069068908691406,
      -31.673267364501957,
      -49.301002502441406,
      -97.32279205322266,
      -57.99462890625,
      -31.535720825195312
    ]
  },
  "elapsed_min": 16.513160173098246
}