{
  "2": {
    "mean": -8.99604779575368,
    "sem": 0.061698262088603816,
    "n": 10
  },
  "16": {
    "mean": -4.731183734072765,
    "sem": 0.215267957763859,
    "n": 10
  },
  "64": {
    "mean": -1.6968100797016994,
    "sem": 0.10830160423590943,
    "n": 10
  },
  "256": {
    "mean": -0.837024506925992,
    "sem": 0.10596923414449042,
    "n": 10
  }
}